strategy,period,quality,scenario,final_bankroll,resolved_cash,unknown,signals,trades,wins,losses,targets,misses,unaffordable,closed_drawdown,intrabar_mark_drawdown
ORB30_TARGET,development,strict,primary,,5429.30,2026-08-04:UNKNOWN_SELECTION_DATA,2,1,0,1,0,0,0,0.4231010351518088061220803342,0.4203383635208337317955878009
ORB30_TARGET,development,strict,delay2,,5156.18,2026-08-04:UNKNOWN_SELECTION_DATA,2,1,0,1,0,0,0,0.4521218380691900484317588230,0.4493591664382149741052662897
ORB30_TARGET,development,strict,delay3,,9411.18,2026-08-04:UNKNOWN_SELECTION_DATA,2,0,0,0,0,1,0,0,0
ORB30_TARGET,development,strict,open_plus_1pct,,5487.82,2026-08-04:UNKNOWN_SELECTION_DATA,2,1,0,1,0,0,0,0.4168828988500910619072209861,0.4141202272191159875807284528
ORB30_TARGET,development,strict,delete_best,,9411.18,2026-08-04:UNKNOWN_SELECTION_DATA,2,0,0,0,0,0,0,0,0
ORB30_TRAIL,development,strict,primary,,7713.34,2026-08-04:UNKNOWN_SELECTION_DATA,2,1,0,1,0,0,0,0.1804067077667200074804647239,0.1831693793976950818069572572
ORB30_TRAIL,development,strict,delay2,,7440.22,2026-08-04:UNKNOWN_SELECTION_DATA,2,1,0,1,0,0,0,0.2094275106841012497901432126,0.2121901823150763241166357460
ORB30_TRAIL,development,strict,delay3,,9411.18,2026-08-04:UNKNOWN_SELECTION_DATA,2,0,0,0,0,1,0,0,0
ORB30_TRAIL,development,strict,open_plus_1pct,,7771.86,2026-08-04:UNKNOWN_SELECTION_DATA,2,1,0,1,0,0,0,0.1741885714650022632656053757,0.1769512430959773375920979091
ORB30_TRAIL,development,strict,delete_best,,9411.18,2026-08-04:UNKNOWN_SELECTION_DATA,2,0,0,0,0,0,0,0,0
LATE_BREAK_TARGET,development,strict,primary,,4556.15,2026-08-04:UNKNOWN_SELECTION_DATA,3,1,0,1,0,1,0,0.5158789864820351964365786224,0.5096629753123412792019704224
LATE_BREAK_TARGET,development,strict,delay2,,9411.18,2026-08-04:UNKNOWN_SELECTION_DATA,3,0,0,0,0,2,0,0,0
LATE_BREAK_TARGET,development,strict,delay3,,2464.83,2026-08-04:UNKNOWN_SELECTION_DATA,3,2,0,2,0,0,0,0.7380955416855272133781311164,0.7353328700545521390516385830
LATE_BREAK_TARGET,development,strict,open_plus_1pct,,2972.28,2026-08-04:UNKNOWN_SELECTION_DATA,3,2,0,2,0,0,0,0.6841756294109771569558758838,0.6807222898722583140477602171
LATE_BREAK_TARGET,development,strict,delete_best,,9411.18,2026-08-04:UNKNOWN_SELECTION_DATA,3,0,0,0,0,1,0,0,0
LATE_BREAK_TRAIL,development,strict,primary,,4556.15,2026-08-04:UNKNOWN_SELECTION_DATA,3,1,0,1,0,1,0,0.5158789864820351964365786224,0.5096629753123412792019704224
LATE_BREAK_TRAIL,development,strict,delay2,,9411.18,2026-08-04:UNKNOWN_SELECTION_DATA,3,0,0,0,0,2,0,0,0
LATE_BREAK_TRAIL,development,strict,delay3,,2464.83,2026-08-04:UNKNOWN_SELECTION_DATA,3,2,0,2,0,0,0,0.7380955416855272133781311164,0.7353328700545521390516385830
LATE_BREAK_TRAIL,development,strict,open_plus_1pct,,2972.28,2026-08-04:UNKNOWN_SELECTION_DATA,3,2,0,2,0,0,0,0.6841756294109771569558758838,0.6807222898722583140477602171
LATE_BREAK_TRAIL,development,strict,delete_best,,9411.18,2026-08-04:UNKNOWN_SELECTION_DATA,3,0,0,0,0,1,0,0,0
LATE_FADE_TARGET,development,strict,primary,,9411.18,2026-07-28:UNKNOWN_SELECTION_DATA,1,0,0,0,0,0,0,0,0
LATE_FADE_TARGET,development,strict,delay2,,9411.18,2026-07-28:UNKNOWN_SELECTION_DATA,1,0,0,0,0,0,0,0,0
LATE_FADE_TARGET,development,strict,delay3,,9411.18,2026-07-28:UNKNOWN_SELECTION_DATA,1,0,0,0,0,0,0,0,0
LATE_FADE_TARGET,development,strict,open_plus_1pct,,9411.18,2026-07-28:UNKNOWN_SELECTION_DATA,1,0,0,0,0,0,0,0,0
LATE_FADE_TARGET,development,strict,delete_best,,9411.18,2026-07-28:UNKNOWN_SELECTION_DATA,1,0,0,0,0,0,0,0,0
LATE_FADE_TRAIL,development,strict,primary,,9411.18,2026-07-28:UNKNOWN_SELECTION_DATA,1,0,0,0,0,0,0,0,0
LATE_FADE_TRAIL,development,strict,delay2,,9411.18,2026-07-28:UNKNOWN_SELECTION_DATA,1,0,0,0,0,0,0,0,0
LATE_FADE_TRAIL,development,strict,delay3,,9411.18,2026-07-28:UNKNOWN_SELECTION_DATA,1,0,0,0,0,0,0,0,0
LATE_FADE_TRAIL,development,strict,open_plus_1pct,,9411.18,2026-07-28:UNKNOWN_SELECTION_DATA,1,0,0,0,0,0,0,0,0
LATE_FADE_TRAIL,development,strict,delete_best,,9411.18,2026-07-28:UNKNOWN_SELECTION_DATA,1,0,0,0,0,0,0,0,0
TREND1445_TARGET,development,strict,primary,9411.18,9411.18,,0,0,0,0,0,0,0,0,0
TREND1445_TARGET,development,strict,delay2,9411.18,9411.18,,0,0,0,0,0,0,0,0,0
TREND1445_TARGET,development,strict,delay3,9411.18,9411.18,,0,0,0,0,0,0,0,0,0
TREND1445_TARGET,development,strict,open_plus_1pct,9411.18,9411.18,,0,0,0,0,0,0,0,0,0
TREND1445_TARGET,development,strict,delete_best,9411.18,9411.18,,0,0,0,0,0,0,0,0,0
TREND1445_TRAIL,development,strict,primary,9411.18,9411.18,,0,0,0,0,0,0,0,0,0
TREND1445_TRAIL,development,strict,delay2,9411.18,9411.18,,0,0,0,0,0,0,0,0,0
TREND1445_TRAIL,development,strict,delay3,9411.18,9411.18,,0,0,0,0,0,0,0,0,0
TREND1445_TRAIL,development,strict,open_plus_1pct,9411.18,9411.18,,0,0,0,0,0,0,0,0,0
TREND1445_TRAIL,development,strict,delete_best,9411.18,9411.18,,0,0,0,0,0,0,0,0,0
OPTION_ACCEL_TARGET,development,strict,primary,,9411.18,2026-07-21:UNKNOWN_SIGNAL,0,0,0,0,0,0,0,0,0
OPTION_ACCEL_TARGET,development,strict,delay2,,9411.18,2026-07-21:UNKNOWN_SIGNAL,0,0,0,0,0,0,0,0,0
OPTION_ACCEL_TARGET,development,strict,delay3,,9411.18,2026-07-21:UNKNOWN_SIGNAL,0,0,0,0,0,0,0,0,0
OPTION_ACCEL_TARGET,development,strict,open_plus_1pct,,9411.18,2026-07-21:UNKNOWN_SIGNAL,0,0,0,0,0,0,0,0,0
OPTION_ACCEL_TARGET,development,strict,delete_best,,9411.18,2026-07-21:UNKNOWN_SIGNAL,0,0,0,0,0,0,0,0,0
OPTION_ACCEL_TRAIL,development,strict,primary,,9411.18,2026-07-21:UNKNOWN_SIGNAL,0,0,0,0,0,0,0,0,0
OPTION_ACCEL_TRAIL,development,strict,delay2,,9411.18,2026-07-21:UNKNOWN_SIGNAL,0,0,0,0,0,0,0,0,0
OPTION_ACCEL_TRAIL,development,strict,delay3,,9411.18,2026-07-21:UNKNOWN_SIGNAL,0,0,0,0,0,0,0,0,0
OPTION_ACCEL_TRAIL,development,strict,open_plus_1pct,,9411.18,2026-07-21:UNKNOWN_SIGNAL,0,0,0,0,0,0,0,0,0
OPTION_ACCEL_TRAIL,development,strict,delete_best,,9411.18,2026-07-21:UNKNOWN_SIGNAL,0,0,0,0,0,0,0,0,0
OPTION_ACCEL_OI_TARGET,development,strict,primary,,9411.18,2026-07-21:UNKNOWN_SIGNAL,0,0,0,0,0,0,0,0,0
OPTION_ACCEL_OI_TARGET,development,strict,delay2,,9411.18,2026-07-21:UNKNOWN_SIGNAL,0,0,0,0,0,0,0,0,0
OPTION_ACCEL_OI_TARGET,development,strict,delay3,,9411.18,2026-07-21:UNKNOWN_SIGNAL,0,0,0,0,0,0,0,0,0
OPTION_ACCEL_OI_TARGET,development,strict,open_plus_1pct,,9411.18,2026-07-21:UNKNOWN_SIGNAL,0,0,0,0,0,0,0,0,0
OPTION_ACCEL_OI_TARGET,development,strict,delete_best,,9411.18,2026-07-21:UNKNOWN_SIGNAL,0,0,0,0,0,0,0,0,0
OPTION_ACCEL_OI_TRAIL,development,strict,primary,,9411.18,2026-07-21:UNKNOWN_SIGNAL,0,0,0,0,0,0,0,0,0
OPTION_ACCEL_OI_TRAIL,development,strict,delay2,,9411.18,2026-07-21:UNKNOWN_SIGNAL,0,0,0,0,0,0,0,0,0
OPTION_ACCEL_OI_TRAIL,development,strict,delay3,,9411.18,2026-07-21:UNKNOWN_SIGNAL,0,0,0,0,0,0,0,0,0
OPTION_ACCEL_OI_TRAIL,development,strict,open_plus_1pct,,9411.18,2026-07-21:UNKNOWN_SIGNAL,0,0,0,0,0,0,0,0,0
OPTION_ACCEL_OI_TRAIL,development,strict,delete_best,,9411.18,2026-07-21:UNKNOWN_SIGNAL,0,0,0,0,0,0,0,0,0
BLIND_CE_TARGET,development,strict,primary,,9411.18,2026-07-21:UNKNOWN_SELECTION_DATA,1,0,0,0,0,0,0,0,0
BLIND_CE_TARGET,development,strict,delay2,,9411.18,2026-07-21:UNKNOWN_SELECTION_DATA,1,0,0,0,0,0,0,0,0
BLIND_CE_TARGET,development,strict,delay3,,9411.18,2026-07-21:UNKNOWN_SELECTION_DATA,1,0,0,0,0,0,0,0,0
BLIND_CE_TARGET,development,strict,open_plus_1pct,,9411.18,2026-07-21:UNKNOWN_SELECTION_DATA,1,0,0,0,0,0,0,0,0
BLIND_CE_TARGET,development,strict,delete_best,,9411.18,2026-07-21:UNKNOWN_SELECTION_DATA,1,0,0,0,0,0,0,0,0
BLIND_CE_TRAIL,development,strict,primary,,9411.18,2026-07-21:UNKNOWN_SELECTION_DATA,1,0,0,0,0,0,0,0,0
BLIND_CE_TRAIL,development,strict,delay2,,9411.18,2026-07-21:UNKNOWN_SELECTION_DATA,1,0,0,0,0,0,0,0,0
BLIND_CE_TRAIL,development,strict,delay3,,9411.18,2026-07-21:UNKNOWN_SELECTION_DATA,1,0,0,0,0,0,0,0,0
BLIND_CE_TRAIL,development,strict,open_plus_1pct,,9411.18,2026-07-21:UNKNOWN_SELECTION_DATA,1,0,0,0,0,0,0,0,0
BLIND_CE_TRAIL,development,strict,delete_best,,9411.18,2026-07-21:UNKNOWN_SELECTION_DATA,1,0,0,0,0,0,0,0,0
BLIND_PE_TARGET,development,strict,primary,,9411.18,2026-08-04:UNKNOWN_SELECTION_DATA,3,0,0,0,0,2,0,0,0
BLIND_PE_TARGET,development,strict,delay2,,9411.18,2026-08-04:UNKNOWN_SELECTION_DATA,3,0,0,0,0,2,0,0,0
BLIND_PE_TARGET,development,strict,delay3,,9411.18,2026-08-04:UNKNOWN_SELECTION_DATA,3,0,0,0,0,2,0,0,0
BLIND_PE_TARGET,development,strict,open_plus_1pct,,9411.18,2026-08-04:UNKNOWN_SELECTION_DATA,3,0,0,0,0,2,0,0,0
BLIND_PE_TARGET,development,strict,delete_best,,9411.18,2026-08-04:UNKNOWN_SELECTION_DATA,3,0,0,0,0,2,0,0,0
BLIND_PE_TRAIL,development,strict,primary,,9411.18,2026-08-04:UNKNOWN_SELECTION_DATA,3,0,0,0,0,2,0,0,0
BLIND_PE_TRAIL,development,strict,delay2,,9411.18,2026-08-04:UNKNOWN_SELECTION_DATA,3,0,0,0,0,2,0,0,0
BLIND_PE_TRAIL,development,strict,delay3,,9411.18,2026-08-04:UNKNOWN_SELECTION_DATA,3,0,0,0,0,2,0,0,0
BLIND_PE_TRAIL,development,strict,open_plus_1pct,,9411.18,2026-08-04:UNKNOWN_SELECTION_DATA,3,0,0,0,0,2,0,0,0
BLIND_PE_TRAIL,development,strict,delete_best,,9411.18,2026-08-04:UNKNOWN_SELECTION_DATA,3,0,0,0,0,2,0,0,0
ORB30_TARGET,development,reported,primary,1112.37,1112.37,,8,5,0,5,0,2,1,0.8818033445327790989015192569,0.8811126766250353303198961235
ORB30_TARGET,development,reported,delay2,465.97,465.97,,8,7,1,6,1,0,1,0.9504876115428671006186259321,0.9501422775889952163278143655
ORB30_TARGET,development,reported,delay3,2658.56,2658.56,,8,5,1,4,1,3,0,0.8307175858713979349094039560,0.8300967597332803561695472999
ORB30_TARGET,development,reported,open_plus_1pct,709.77,709.77,,8,7,1,6,1,0,1,0.9245822521724162113571305617,0.9242369182185443270663189951
ORB30_TARGET,development,reported,delete_best,829.36,829.36,,8,5,0,5,0,1,1,0.9118750252359427829453904824,0.9111843573281990143637673490
ORB30_TRAIL,development,reported,primary,510.17,510.17,,8,6,0,6,0,1,1,0.9457910697702094742635886254,0.9451004018624657056819654921
ORB30_TRAIL,development,reported,delay2,2042.64,2042.64,,8,7,1,6,0,1,0,0.7829560161425028529897419877,0.7960787063896344560405815211
ORB30_TRAIL,development,reported,delay3,1926.96,1926.96,,8,5,1,4,0,3,0,0.8300625351104087314570742458,0.8409539272066974565292352303
ORB30_TRAIL,development,reported,open_plus_1pct,1140.28,1140.28,,8,7,1,6,0,0,1,0.8845342201087947117507199650,0.8838760242540109442781515430
ORB30_TRAIL,development,reported,delete_best,525.48,525.48,,8,5,0,5,0,1,1,0.9441642812059699208813347529,0.9434736132982261522997116196
LATE_BREAK_TARGET,development,reported,primary,868.79,868.79,,7,6,1,5,1,1,0,0.9076853274509678913802519982,0.9069946595432241227986288648
LATE_BREAK_TARGET,development,reported,delay2,4363.11,4363.11,,7,4,1,3,1,3,0,0.5680573530630590425430179850,0.7112891263369736844901489505
LATE_BREAK_TARGET,development,reported,delay3,426.25,426.25,,7,6,0,6,0,0,1,0.9547081237421874833974060638,0.9543627897883155991065944972
LATE_BREAK_TARGET,development,reported,open_plus_1pct,458.75,458.75,,7,7,1,6,1,0,0,0.9512547842034686404892903972,0.9509094502495967561984788305
LATE_BREAK_TARGET,development,reported,delete_best,723.04,723.04,,7,5,0,5,0,1,0,0.9231722270746070099604937957,0.9224815591668632413788706623
LATE_BREAK_TRAIL,development,reported,primary,549.74,549.74,,7,6,0,6,0,1,0,0.9415864960610677938366921045,0.9408958281533240252550689712
LATE_BREAK_TRAIL,development,reported,delay2,6427.96,6427.96,,7,4,1,3,0,3,0,0.5043044549142615484987004818,0.6480834496843116378605020837
LATE_BREAK_TRAIL,development,reported,delay3,431.95,431.95,,7,7,0,7,0,0,0,0.9541024611153967940258288546,0.9537571271615249097350172880
LATE_BREAK_TRAIL,development,reported,open_plus_1pct,288.75,288.75,,7,6,0,6,0,0,1,0.9693184064059979726240492691,0.9689730724521260883332377024
LATE_BREAK_TRAIL,development,reported,delete_best,723.04,723.04,,7,5,0,5,0,1,0,0.9231722270746070099604937957,0.9224815591668632413788706623
LATE_FADE_TARGET,development,reported,primary,9411.18,9411.18,,3,0,0,0,0,3,0,0,0
LATE_FADE_TARGET,development,reported,delay2,9411.18,9411.18,,3,0,0,0,0,3,0,0,0
LATE_FADE_TARGET,development,reported,delay3,9411.18,9411.18,,3,0,0,0,0,3,0,0,0
LATE_FADE_TARGET,development,reported,open_plus_1pct,10085.19,10085.19,,3,2,1,1,1,1,0,0.4039355319949251847271011712,0.5644871312630297157210891727
LATE_FADE_TARGET,development,reported,delete_best,9411.18,9411.18,,3,0,0,0,0,3,0,0,0
LATE_FADE_TRAIL,development,reported,primary,9411.18,9411.18,,3,0,0,0,0,3,0,0,0
LATE_FADE_TRAIL,development,reported,delay2,9411.18,9411.18,,3,0,0,0,0,3,0,0,0
LATE_FADE_TRAIL,development,reported,delay3,9411.18,9411.18,,3,0,0,0,0,3,0,0,0
LATE_FADE_TRAIL,development,reported,open_plus_1pct,6545.89,6545.89,,3,2,0,2,0,1,0,0.3044559768275604121906073415,0.4287762002214387568827713422
LATE_FADE_TRAIL,development,reported,delete_best,9411.18,9411.18,,3,0,0,0,0,3,0,0,0
TREND1445_TARGET,development,reported,primary,9411.18,9411.18,,0,0,0,0,0,0,0,0,0
TREND1445_TARGET,development,reported,delay2,9411.18,9411.18,,0,0,0,0,0,0,0,0,0
TREND1445_TARGET,development,reported,delay3,9411.18,9411.18,,0,0,0,0,0,0,0,0,0
TREND1445_TARGET,development,reported,open_plus_1pct,9411.18,9411.18,,0,0,0,0,0,0,0,0,0
TREND1445_TARGET,development,reported,delete_best,9411.18,9411.18,,0,0,0,0,0,0,0,0,0
TREND1445_TRAIL,development,reported,primary,9411.18,9411.18,,0,0,0,0,0,0,0,0,0
TREND1445_TRAIL,development,reported,delay2,9411.18,9411.18,,0,0,0,0,0,0,0,0,0
TREND1445_TRAIL,development,reported,delay3,9411.18,9411.18,,0,0,0,0,0,0,0,0,0
TREND1445_TRAIL,development,reported,open_plus_1pct,9411.18,9411.18,,0,0,0,0,0,0,0,0,0
TREND1445_TRAIL,development,reported,delete_best,9411.18,9411.18,,0,0,0,0,0,0,0,0,0
OPTION_ACCEL_TARGET,development,reported,primary,2169.57,2169.57,,5,2,0,2,0,3,0,0.7694688657532849228258305547,0.7673968620300536170809611547
OPTION_ACCEL_TARGET,development,reported,delay2,3234.29,3234.29,,5,2,0,2,0,3,0,0.6563353373328318021757101660,0.7126247718139489415779955330
OPTION_ACCEL_TARGET,development,reported,delay3,1452.77,1452.77,,5,4,1,3,0,1,0,0.8456335974872438950269785510,0.8449429295795001264453554177
OPTION_ACCEL_TARGET,development,reported,open_plus_1pct,7189.79,7189.79,,5,3,1,2,1,2,0,0.5293246967967885004855926674,0.6419035657590227792901634014
OPTION_ACCEL_TARGET,development,reported,delete_best,4816.85,4816.85,,5,1,0,1,0,3,0,0.4881778905514505088628631054,0.4829978812433722445006896053
OPTION_ACCEL_TRAIL,development,reported,primary,2169.57,2169.57,,5,2,0,2,0,3,0,0.7694688657532849228258305547,0.7673968620300536170809611547
OPTION_ACCEL_TRAIL,development,reported,delay2,3234.29,3234.29,,5,2,0,2,0,3,0,0.6563353373328318021757101660,0.7126247718139489415779955330
OPTION_ACCEL_TRAIL,development,reported,delay3,1452.77,1452.77,,5,4,1,3,0,1,0,0.8456335974872438950269785510,0.8449429295795001264453554177
OPTION_ACCEL_TRAIL,development,reported,open_plus_1pct,4206.04,4206.04,,5,3,0,3,0,2,0,0.5530804851251383992230517321,0.6419035657590227792901634014
OPTION_ACCEL_TRAIL,development,reported,delete_best,4816.85,4816.85,,5,1,0,1,0,3,0,0.4881778905514505088628631054,0.4829978812433722445006896053
OPTION_ACCEL_OI_TARGET,development,reported,primary,2169.57,2169.57,,5,2,0,2,0,3,0,0.7694688657532849228258305547,0.7673968620300536170809611547
OPTION_ACCEL_OI_TARGET,development,reported,delay2,1687.28,1687.28,,5,3,0,3,0,2,0,0.8207153619418606380921414743,0.8186433582186293323472720743
OPTION_ACCEL_OI_TARGET,development,reported,delay3,1378.02,1378.02,,5,5,2,3,1,0,0,0.8535762784262972337156445844,0.8525402765646815808432098844
OPTION_ACCEL_OI_TARGET,development,reported,open_plus_1pct,6911.65,6911.65,,5,3,1,2,1,2,0,0.5293246967967885004855926674,0.6627256093284795317909125104
OPTION_ACCEL_OI_TARGET,development,reported,delete_best,4816.85,4816.85,,5,1,0,1,0,3,0,0.4881778905514505088628631054,0.4829978812433722445006896053
OPTION_ACCEL_OI_TRAIL,development,reported,primary,2169.57,2169.57,,5,2,0,2,0,3,0,0.7694688657532849228258305547,0.7673968620300536170809611547
OPTION_ACCEL_OI_TRAIL,development,reported,delay2,1687.28,1687.28,,5,3,0,3,0,2,0,0.8207153619418606380921414743,0.8186433582186293323472720743
OPTION_ACCEL_OI_TRAIL,development,reported,delay3,1984.46,1984.46,,5,5,2,3,0,0,0,0.7891380251998155385403318181,0.7874113554304561170862739848
OPTION_ACCEL_OI_TRAIL,development,reported,open_plus_1pct,3162.22,3162.22,,5,3,0,3,0,2,0,0.6639932505806923255107223536,0.6619212468574610197658529536
OPTION_ACCEL_OI_TRAIL,development,reported,delete_best,4816.85,4816.85,,5,1,0,1,0,3,0,0.4881778905514505088628631054,0.4829978812433722445006896053
BLIND_CE_TARGET,development,reported,primary,2417.60,2417.60,,9,3,0,3,0,6,0,0.7431140409597946272412173606,0.7420780390981789743687826606
BLIND_CE_TARGET,development,reported,delay2,1674.03,1674.03,,9,5,2,3,2,4,0,0.8948844031719978073053402664,0.8944762555406040961696286673
BLIND_CE_TARGET,development,reported,delay3,2124.55,2124.55,,9,3,1,2,1,6,0,0.8402006974683302200149184268,0.8661113696688406767270416675
BLIND_CE_TARGET,development,reported,open_plus_1pct,474.95,474.95,,9,4,0,4,0,5,0,0.9495334272641687864858604341,0.9491880933102969021950488674
BLIND_CE_TARGET,development,reported,delete_best,3700.91,3700.91,,9,2,0,2,0,6,0,0.6067538820849245259361737848,0.6057178802233088730637390848
BLIND_CE_TRAIL,development,reported,primary,2596.23,2596.23,,9,3,0,3,0,6,0,0.7241334242889839531280880825,0.7220614205657526473832186825
BLIND_CE_TRAIL,development,reported,delay2,6961.31,6961.31,,9,5,2,3,0,4,0,0.6482463631172847303982253932,0.6475894756522134581082651602
BLIND_CE_TRAIL,development,reported,delay3,2653.72,2653.72,,9,3,0,3,0,6,0,0.7180247322864932983961628616,0.7176793983326214141053512949
BLIND_CE_TRAIL,development,reported,open_plus_1pct,5198.48,5198.48,,9,5,1,4,0,4,0,0.5208279564342125638775615547,0.5190305358709839172338527111
BLIND_CE_TRAIL,development,reported,delete_best,3855.19,3855.19,,9,2,0,2,0,6,0,0.5903606136531232002788173215,0.5882886099298918945339479215
BLIND_PE_TARGET,development,reported,primary,1037.26,1037.26,,9,3,0,3,0,6,0,0.8897842778482613232347059561,0.8890936099405175546530828228
BLIND_PE_TARGET,development,reported,delay2,2107.23,2107.23,,9,3,0,3,0,6,0,0.7760929022715536202686591905,0.7750569004099379673962244904
BLIND_PE_TARGET,development,reported,delay3,844.61,844.61,,9,4,0,4,0,5,0,0.9102546120677747105038900542,0.9095639441600309419222669208
BLIND_PE_TARGET,development,reported,open_plus_1pct,374.20,374.20,,9,5,0,5,0,3,1,0.9602387798341971995010190008,0.9595481119264534309193958675
BLIND_PE_TARGET,development,reported,delete_best,1824.42,1824.42,,9,2,0,2,0,6,0,0.8061433316544790345100189349,0.8051073297928633816375842349
BLIND_PE_TRAIL,development,reported,primary,2139.79,2139.79,,9,3,0,3,0,6,0,0.7726331873367632964197900795,0.7705611836135319906749206794
BLIND_PE_TRAIL,development,reported,delay2,2136.46,2136.46,,9,3,0,3,0,6,0,0.7729870218187304886316062385,0.7719510199571148357591715385
BLIND_PE_TRAIL,development,reported,delay3,844.61,844.61,,9,4,0,4,0,5,0,0.9102546120677747105038900542,0.9095639441600309419222669208
BLIND_PE_TRAIL,development,reported,open_plus_1pct,974.07,974.07,,9,5,0,5,0,4,0,0.8964986324775426673382083862,0.8958079645697988987565852529
BLIND_PE_TRAIL,development,reported,delete_best,3518.83,3518.83,,9,2,0,2,0,6,0,0.6261010840298453541426261106,0.6240290803066140483977567106
ORB30_TARGET,recent_validation,strict,primary,,3734.53,2026-06-02:UNKNOWN_SELECTION_DATA,9,8,3,5,2,0,0,0.6304571330749341220545409027,0.6291707443539904272888566082
ORB30_TARGET,recent_validation,strict,delay2,,2496.36,2026-06-02:UNKNOWN_SELECTION_DATA,9,7,2,5,1,1,0,0.7466298304410400482308259123,0.7453103844459646266678304857
ORB30_TARGET,recent_validation,strict,delay3,,2600.81,2026-06-02:UNKNOWN_SELECTION_DATA,9,7,2,5,1,1,0,0.7358508387678638714847364257,0.7345305042966730618251694345
ORB30_TARGET,recent_validation,strict,open_plus_1pct,,3913.92,2026-06-02:UNKNOWN_SELECTION_DATA,9,8,3,5,2,0,0,0.6193299525562992746307502874,0.6180655652880955020881842037
ORB30_TARGET,recent_validation,strict,delete_best,,1484.56,2026-06-02:UNKNOWN_SELECTION_DATA,9,7,2,5,1,0,0,0.8422557001353709099177786420,0.8408743643198833727545323753
ORB30_TRAIL,recent_validation,strict,primary,,5081.74,2026-06-02:UNKNOWN_SELECTION_DATA,9,8,2,6,0,0,0,0.6688684587260101429698714829,0.6663271775684370273787206148
ORB30_TRAIL,recent_validation,strict,delay2,,2320.89,2026-06-02:UNKNOWN_SELECTION_DATA,9,7,1,6,0,1,0,0.7623314941568256386939798715,0.7610002416735277371575096977
ORB30_TRAIL,recent_validation,strict,delay3,,2665.71,2026-06-02:UNKNOWN_SELECTION_DATA,9,7,1,6,0,1,0,0.7293629489449489124608112279,0.7280431198323613976381150404
ORB30_TRAIL,recent_validation,strict,open_plus_1pct,,6077.99,2026-06-02:UNKNOWN_SELECTION_DATA,9,8,2,6,0,0,0,0.6188896364522191030786720182,0.6164442056143329836576246339
ORB30_TRAIL,recent_validation,strict,delete_best,,1488.46,2026-06-02:UNKNOWN_SELECTION_DATA,9,7,1,6,0,0,0,0.8447319585370509649617843630,0.8433758693314167272560369440
LATE_BREAK_TARGET,recent_validation,strict,primary,,2260.29,2026-05-12:UNKNOWN_SELECTION_DATA,4,3,0,3,0,0,0,0.7598292668932057404066227614,0.7570665952622306660801302281
LATE_BREAK_TARGET,recent_validation,strict,delay2,,3659.57,2026-05-12:UNKNOWN_SELECTION_DATA,4,2,0,2,0,1,0,0.6111465299781748941152969128,0.6076931904394560512071812461
LATE_BREAK_TARGET,recent_validation,strict,delay3,,7903.56,2026-05-12:UNKNOWN_SELECTION_DATA,4,3,1,2,1,0,0,0.4165766704781252053057274485,0.4139376844983379924661563889
LATE_BREAK_TARGET,recent_validation,strict,open_plus_1pct,,2940.98,2026-05-12:UNKNOWN_SELECTION_DATA,4,3,0,3,0,0,0,0.6875014610282663810489226643,0.6861201252127788438856763976
LATE_BREAK_TARGET,recent_validation,strict,delete_best,,2834.24,2026-05-12:UNKNOWN_SELECTION_DATA,4,2,0,2,0,0,0,0.6988432906394309746493000878,0.6953899511007121317411844211
LATE_BREAK_TRAIL,recent_validation,strict,primary,,2260.29,2026-05-12:UNKNOWN_SELECTION_DATA,4,3,0,3,0,0,0,0.7598292668932057404066227614,0.7570665952622306660801302281
LATE_BREAK_TRAIL,recent_validation,strict,delay2,,3659.57,2026-05-12:UNKNOWN_SELECTION_DATA,4,2,0,2,0,1,0,0.6111465299781748941152969128,0.6076931904394560512071812461
LATE_BREAK_TRAIL,recent_validation,strict,delay3,,11994.99,2026-05-12:UNKNOWN_SELECTION_DATA,4,3,1,2,0,0,0,0.3698640859528167282706681600,0.3671323564948969192395705721
LATE_BREAK_TRAIL,recent_validation,strict,open_plus_1pct,,3121.90,2026-05-12:UNKNOWN_SELECTION_DATA,4,3,0,3,0,0,0,0.6682775167407275176970369284,0.6655148451097524433705443951
LATE_BREAK_TRAIL,recent_validation,strict,delete_best,,2834.24,2026-05-12:UNKNOWN_SELECTION_DATA,4,2,0,2,0,0,0,0.6988432906394309746493000878,0.6953899511007121317411844211
LATE_FADE_TARGET,recent_validation,strict,primary,,9411.18,2026-04-28:UNKNOWN_SELECTION_DATA,4,0,0,0,0,3,0,0,0
LATE_FADE_TARGET,recent_validation,strict,delay2,,9411.18,2026-04-28:UNKNOWN_SELECTION_DATA,4,0,0,0,0,3,0,0,0
LATE_FADE_TARGET,recent_validation,strict,delay3,,2243.18,2026-04-28:UNKNOWN_SELECTION_DATA,4,2,0,2,0,1,0,0.7616473173395897220114799632,0.7398912782456610116903512631
LATE_FADE_TARGET,recent_validation,strict,open_plus_1pct,,15304.38,2026-04-28:UNKNOWN_SELECTION_DATA,4,1,1,0,1,2,0,0,0.3155342900677704602398424002
LATE_FADE_TARGET,recent_validation,strict,delete_best,,9411.18,2026-04-28:UNKNOWN_SELECTION_DATA,4,0,0,0,0,3,0,0,0
LATE_FADE_TRAIL,recent_validation,strict,primary,,9411.18,2026-04-28:UNKNOWN_SELECTION_DATA,4,0,0,0,0,3,0,0,0
LATE_FADE_TRAIL,recent_validation,strict,delay2,,9411.18,2026-04-28:UNKNOWN_SELECTION_DATA,4,0,0,0,0,3,0,0,0
LATE_FADE_TRAIL,recent_validation,strict,delay3,,2243.18,2026-04-28:UNKNOWN_SELECTION_DATA,4,2,0,2,0,1,0,0.7616473173395897220114799632,0.7398912782456610116903512631
LATE_FADE_TRAIL,recent_validation,strict,open_plus_1pct,,8657.94,2026-04-28:UNKNOWN_SELECTION_DATA,4,1,0,1,0,2,0,0.0800367222813717302187398392,0.0738207111116778129841316392
LATE_FADE_TRAIL,recent_validation,strict,delete_best,,9411.18,2026-04-28:UNKNOWN_SELECTION_DATA,4,0,0,0,0,3,0,0,0
TREND1445_TARGET,recent_validation,strict,primary,9411.18,9411.18,,1,0,0,0,0,1,0,0,0
TREND1445_TARGET,recent_validation,strict,delay2,9411.18,9411.18,,1,0,0,0,0,1,0,0,0
TREND1445_TARGET,recent_validation,strict,delay3,9411.18,9411.18,,1,0,0,0,0,1,0,0,0
TREND1445_TARGET,recent_validation,strict,open_plus_1pct,9411.18,9411.18,,1,0,0,0,0,1,0,0,0
TREND1445_TARGET,recent_validation,strict,delete_best,9411.18,9411.18,,1,0,0,0,0,1,0,0,0
TREND1445_TRAIL,recent_validation,strict,primary,9411.18,9411.18,,1,0,0,0,0,1,0,0,0
TREND1445_TRAIL,recent_validation,strict,delay2,9411.18,9411.18,,1,0,0,0,0,1,0,0,0
TREND1445_TRAIL,recent_validation,strict,delay3,9411.18,9411.18,,1,0,0,0,0,1,0,0,0
TREND1445_TRAIL,recent_validation,strict,open_plus_1pct,9411.18,9411.18,,1,0,0,0,0,1,0,0,0
TREND1445_TRAIL,recent_validation,strict,delete_best,9411.18,9411.18,,1,0,0,0,0,1,0,0,0
OPTION_ACCEL_TARGET,recent_validation,strict,primary,,3468.37,2026-04-28:UNKNOWN_SIGNAL,2,1,0,1,0,1,0,0.6314627921259608253162727734,0.6293907884027295195714033734
OPTION_ACCEL_TARGET,recent_validation,strict,delay2,,7311.88,2026-04-28:UNKNOWN_SIGNAL,2,1,0,1,0,1,0,0.2230644828809989820617605869,0.2209924791577676763168911869
OPTION_ACCEL_TARGET,recent_validation,strict,delay3,,2974.10,2026-04-28:UNKNOWN_SIGNAL,2,2,0,2,0,0,0,0.6839822423968089017530214065,0.6549741902715706213248498063
OPTION_ACCEL_TARGET,recent_validation,strict,open_plus_1pct,,3839.03,2026-04-28:UNKNOWN_SIGNAL,2,1,0,1,0,1,0,0.5920777203283754003217449884,0.5900057166051440945768755884
OPTION_ACCEL_TARGET,recent_validation,strict,delete_best,,9411.18,2026-04-28:UNKNOWN_SIGNAL,2,0,0,0,0,1,0,0,0
OPTION_ACCEL_TRAIL,recent_validation,strict,primary,,3468.37,2026-04-28:UNKNOWN_SIGNAL,2,1,0,1,0,1,0,0.6314627921259608253162727734,0.6293907884027295195714033734
OPTION_ACCEL_TRAIL,recent_validation,strict,delay2,,7311.88,2026-04-28:UNKNOWN_SIGNAL,2,1,0,1,0,1,0,0.2230644828809989820617605869,0.2209924791577676763168911869
OPTION_ACCEL_TRAIL,recent_validation,strict,delay3,,2974.10,2026-04-28:UNKNOWN_SIGNAL,2,2,0,2,0,0,0,0.6839822423968089017530214065,0.6549741902715706213248498063
OPTION_ACCEL_TRAIL,recent_validation,strict,open_plus_1pct,,3839.03,2026-04-28:UNKNOWN_SIGNAL,2,1,0,1,0,1,0,0.5920777203283754003217449884,0.5900057166051440945768755884
OPTION_ACCEL_TRAIL,recent_validation,strict,delete_best,,9411.18,2026-04-28:UNKNOWN_SIGNAL,2,0,0,0,0,1,0,0,0
OPTION_ACCEL_OI_TARGET,recent_validation,strict,primary,,6970.37,2026-04-28:UNKNOWN_SIGNAL,1,1,0,1,0,0,0,0.2593521747538565833402400124,0.2569348370767533933045590457
OPTION_ACCEL_OI_TARGET,recent_validation,strict,delay2,,5648.44,2026-04-28:UNKNOWN_SIGNAL,1,1,0,1,0,0,0,0.3998159635667365835102505743,0.3973986258896333934745696076
OPTION_ACCEL_OI_TARGET,recent_validation,strict,delay3,,5074.84,2026-04-28:UNKNOWN_SIGNAL,1,1,0,1,0,0,0,0.4607647500100943771131781562,0.4559300746558879970418162228
OPTION_ACCEL_OI_TARGET,recent_validation,strict,open_plus_1pct,,11061.01,2026-04-28:UNKNOWN_SIGNAL,1,1,1,0,1,0,0,0,0.0857671407836211824659606978
OPTION_ACCEL_OI_TARGET,recent_validation,strict,delete_best,,9411.18,2026-04-28:UNKNOWN_SIGNAL,1,0,0,0,0,0,0,0,0
OPTION_ACCEL_OI_TRAIL,recent_validation,strict,primary,,6970.37,2026-04-28:UNKNOWN_SIGNAL,1,1,0,1,0,0,0,0.2593521747538565833402400124,0.2569348370767533933045590457
OPTION_ACCEL_OI_TRAIL,recent_validation,strict,delay2,,5648.44,2026-04-28:UNKNOWN_SIGNAL,1,1,0,1,0,0,0,0.3998159635667365835102505743,0.3973986258896333934745696076
OPTION_ACCEL_OI_TRAIL,recent_validation,strict,delay3,,5074.84,2026-04-28:UNKNOWN_SIGNAL,1,1,0,1,0,0,0,0.4607647500100943771131781562,0.4559300746558879970418162228
OPTION_ACCEL_OI_TRAIL,recent_validation,strict,open_plus_1pct,,9517.66,2026-04-28:UNKNOWN_SIGNAL,1,1,1,0,0,0,0,0,0.0853793041892727585701261691
OPTION_ACCEL_OI_TRAIL,recent_validation,strict,delete_best,,9411.18,2026-04-28:UNKNOWN_SIGNAL,1,0,0,0,0,0,0,0,0
BLIND_CE_TARGET,recent_validation,strict,primary,,5439.38,2026-05-05:UNKNOWN_SELECTION_DATA,5,1,0,1,0,3,0,0.4220299686118000080755016905,0.4171952932575936280041397572
BLIND_CE_TARGET,recent_validation,strict,delay2,,5439.38,2026-05-05:UNKNOWN_SELECTION_DATA,5,1,0,1,0,3,0,0.4220299686118000080755016905,0.4171952932575936280041397572
BLIND_CE_TARGET,recent_validation,strict,delay3,,9411.18,2026-05-05:UNKNOWN_SELECTION_DATA,5,0,0,0,0,4,0,0,0
BLIND_CE_TARGET,recent_validation,strict,open_plus_1pct,,14301.17,2026-05-05:UNKNOWN_SELECTION_DATA,5,1,1,0,1,3,0,0,0.0605673252450808506478464975
BLIND_CE_TARGET,recent_validation,strict,delete_best,,9411.18,2026-05-05:UNKNOWN_SELECTION_DATA,5,0,0,0,0,3,0,0,0
BLIND_CE_TRAIL,recent_validation,strict,primary,,5439.38,2026-05-05:UNKNOWN_SELECTION_DATA,5,1,0,1,0,3,0,0.4220299686118000080755016905,0.4171952932575936280041397572
BLIND_CE_TRAIL,recent_validation,strict,delay2,,5439.38,2026-05-05:UNKNOWN_SELECTION_DATA,5,1,0,1,0,3,0,0.4220299686118000080755016905,0.4171952932575936280041397572
BLIND_CE_TRAIL,recent_validation,strict,delay3,,9411.18,2026-05-05:UNKNOWN_SELECTION_DATA,5,0,0,0,0,4,0,0,0
BLIND_CE_TRAIL,recent_validation,strict,open_plus_1pct,,7851.88,2026-05-05:UNKNOWN_SELECTION_DATA,5,1,0,1,0,3,0,0.1656859182376705152807618173,0.1608512428834641352093998840
BLIND_CE_TRAIL,recent_validation,strict,delete_best,,9411.18,2026-05-05:UNKNOWN_SELECTION_DATA,5,0,0,0,0,3,0,0,0
BLIND_PE_TARGET,recent_validation,strict,primary,,3798.08,2026-04-28:UNKNOWN_SELECTION_DATA,4,2,0,2,0,1,0,0.5964289281471611423859707284,0.5943569244239298366411013284
BLIND_PE_TARGET,recent_validation,strict,delay2,,2236.26,2026-04-28:UNKNOWN_SELECTION_DATA,4,3,0,3,0,0,0,0.7623826130198338571783772067,0.7613466111582182043059425067
BLIND_PE_TARGET,recent_validation,strict,delay3,,2755.71,2026-04-28:UNKNOWN_SELECTION_DATA,4,3,0,3,0,0,0,0.7071876215309876126054331125,0.7058062857155000754421868459
BLIND_PE_TARGET,recent_validation,strict,open_plus_1pct,,2714.12,2026-04-28:UNKNOWN_SELECTION_DATA,4,3,0,3,0,0,0,0.7116068335745358180376955918,0.7105708317129201651652608918
BLIND_PE_TARGET,recent_validation,strict,delete_best,,5645.53,2026-04-28:UNKNOWN_SELECTION_DATA,4,1,0,1,0,1,0,0.4001251702762034091367926232,0.3952904949219970290654306899
BLIND_PE_TRAIL,recent_validation,strict,primary,,3798.08,2026-04-28:UNKNOWN_SELECTION_DATA,4,2,0,2,0,1,0,0.5964289281471611423859707284,0.5943569244239298366411013284
BLIND_PE_TRAIL,recent_validation,strict,delay2,,2236.26,2026-04-28:UNKNOWN_SELECTION_DATA,4,3,0,3,0,0,0,0.7623826130198338571783772067,0.7613466111582182043059425067
BLIND_PE_TRAIL,recent_validation,strict,delay3,,2755.71,2026-04-28:UNKNOWN_SELECTION_DATA,4,3,0,3,0,0,0,0.7071876215309876126054331125,0.7058062857155000754421868459
BLIND_PE_TRAIL,recent_validation,strict,open_plus_1pct,,2714.12,2026-04-28:UNKNOWN_SELECTION_DATA,4,3,0,3,0,0,0,0.7116068335745358180376955918,0.7105708317129201651652608918
BLIND_PE_TRAIL,recent_validation,strict,delete_best,,5645.53,2026-04-28:UNKNOWN_SELECTION_DATA,4,1,0,1,0,1,0,0.4001251702762034091367926232,0.3952904949219970290654306899
ORB30_TARGET,recent_validation,reported,primary,3550.96,3550.96,,13,10,4,6,3,3,0,0.7600439747036605675349130847,0.7952702455320256367376786225
ORB30_TARGET,recent_validation,reported,delay2,1297.43,1297.43,,13,10,3,7,2,3,0,0.8683162448160996770402187438,0.8673266603197931108679721739
ORB30_TARGET,recent_validation,reported,delay3,1739.53,1739.53,,13,10,3,7,2,3,0,0.8267690704540630246425194419,0.8426628505614976249214147079
ORB30_TARGET,recent_validation,reported,open_plus_1pct,5229.29,5229.29,,13,11,5,6,4,2,0,0.6193299525562992746307502874,0.7283395871872829873775246410
ORB30_TARGET,recent_validation,reported,delete_best,966.79,966.79,,13,8,2,6,1,2,2,0.8972721805342156881496262955,0.8965815126264719195680031622
ORB30_TRAIL,recent_validation,reported,primary,3792.87,3792.87,,13,10,2,8,0,3,0,0.7528525880993758222510668494,0.7979062449703810423032087258
ORB30_TRAIL,recent_validation,reported,delay2,909.08,909.08,,13,10,2,8,0,3,0,0.9069065378833495131712072617,0.9062409116417005624029721748
ORB30_TRAIL,recent_validation,reported,delay3,1129.71,1129.71,,13,10,2,8,0,3,0,0.8853058348629814330501453843,0.8846459203066876756387972905
ORB30_TRAIL,recent_validation,reported,open_plus_1pct,3143.21,3143.21,,13,11,2,9,0,2,0,0.8029101881037941172966577231,0.8016874726848510575861340309
ORB30_TRAIL,recent_validation,reported,delete_best,952.36,952.36,,13,9,1,8,0,2,1,0.9006549910863213368118760034,0.9233694852806948183831452716
LATE_BREAK_TARGET,recent_validation,reported,primary,462.40,462.40,,11,8,1,7,1,3,0,0.9508669476091202165934558684,0.9505216136552483323026443018
LATE_BREAK_TARGET,recent_validation,reported,delay2,590.07,590.07,,11,7,1,6,1,4,0,0.9373011673350206881602519556,0.9366104994272769195786288223
LATE_BREAK_TARGET,recent_validation,reported,delay3,1192.02,1192.02,,11,7,1,6,1,4,0,0.9120077183880852182090770783,0.9110480871227080499037785112
LATE_BREAK_TARGET,recent_validation,reported,open_plus_1pct,1521.64,1521.64,,11,9,3,6,3,2,0,0.8568797961573362745160543099,0.8642157519035870103430175600
LATE_BREAK_TARGET,recent_validation,reported,delete_best,176.60,176.60,,11,7,0,7,0,3,0,0.9812350842296077643823622543,0.9801990823679921115099275542
LATE_BREAK_TRAIL,recent_validation,reported,primary,818.86,818.86,,11,8,1,7,0,3,0,0.9129907195484519475772432362,0.9123000516407081789956201029
LATE_BREAK_TRAIL,recent_validation,reported,delay2,940.45,940.45,,11,7,1,6,0,4,0,0.9000709794095958211403883466,0.8990349775479801682679536466
LATE_BREAK_TRAIL,recent_validation,reported,delay3,2712.51,2712.51,,11,7,1,6,0,4,0,0.8575030101557295924049515748,0.8571615439734896162760643764
LATE_BREAK_TRAIL,recent_validation,reported,open_plus_1pct,5922.39,5922.39,,11,9,2,7,0,2,0,0.7517362020823106714963553066,0.7509187712715408738461125715
LATE_BREAK_TRAIL,recent_validation,reported,delete_best,272.51,272.51,,11,7,0,7,0,3,0,0.9710440136093454805879815284,0.9706986796554735962971699617
LATE_FADE_TARGET,recent_validation,reported,primary,2934.32,2934.32,,11,2,0,2,0,9,0,0.6882091299922007654725549825,0.6854464583612256911460624491
LATE_FADE_TARGET,recent_validation,reported,delay2,1472.92,1472.92,,11,5,1,4,1,6,0,0.8434925269732382124239468377,0.8424565251116225595515121377
LATE_FADE_TARGET,recent_validation,reported,delay3,1413.57,1413.57,,11,3,0,3,0,8,0,0.8497988562539447763192288321,0.8256254794829128759624191653
LATE_FADE_TARGET,recent_validation,reported,open_plus_1pct,15450.62,15450.62,,11,4,3,1,3,7,0,0.5710512971019069236970469245,0.6673601384962311044405725601
LATE_FADE_TARGET,recent_validation,reported,delete_best,5015.77,5015.77,,11,1,0,1,0,9,0,0.4670413274424673632849440772,0.3648224770963896132047203433
LATE_FADE_TRAIL,recent_validation,reported,primary,3168.22,3168.22,,11,2,0,2,0,9,0,0.6633557109735442314353779229,0.6605930393425691571088853895
LATE_FADE_TRAIL,recent_validation,reported,delay2,413.23,413.23,,11,6,0,6,0,5,0,0.9560915846896988475409034786,0.9481489037506455088522374452
LATE_FADE_TRAIL,recent_validation,reported,delay3,1413.57,1413.57,,11,3,0,3,0,8,0,0.8497988562539447763192288321,0.8256254794829128759624191653
LATE_FADE_TRAIL,recent_validation,reported,open_plus_1pct,2407.20,2407.20,,11,4,0,4,0,7,0,0.7442191096121846569718143740,0.7424924398428252355177565406
LATE_FADE_TRAIL,recent_validation,reported,delete_best,5015.77,5015.77,,11,1,0,1,0,9,0,0.4670413274424673632849440772,0.3648224770963896132047203433
TREND1445_TARGET,recent_validation,reported,primary,9411.18,9411.18,,1,0,0,0,0,1,0,0,0
TREND1445_TARGET,recent_validation,reported,delay2,9411.18,9411.18,,1,0,0,0,0,1,0,0,0
TREND1445_TARGET,recent_validation,reported,delay3,9411.18,9411.18,,1,0,0,0,0,1,0,0,0
TREND1445_TARGET,recent_validation,reported,open_plus_1pct,9411.18,9411.18,,1,0,0,0,0,1,0,0,0
TREND1445_TARGET,recent_validation,reported,delete_best,9411.18,9411.18,,1,0,0,0,0,1,0,0,0
TREND1445_TRAIL,recent_validation,reported,primary,9411.18,9411.18,,1,0,0,0,0,1,0,0,0
TREND1445_TRAIL,recent_validation,reported,delay2,9411.18,9411.18,,1,0,0,0,0,1,0,0,0
TREND1445_TRAIL,recent_validation,reported,delay3,9411.18,9411.18,,1,0,0,0,0,1,0,0,0
TREND1445_TRAIL,recent_validation,reported,open_plus_1pct,9411.18,9411.18,,1,0,0,0,0,1,0,0,0
TREND1445_TRAIL,recent_validation,reported,delete_best,9411.18,9411.18,,1,0,0,0,0,1,0,0,0
OPTION_ACCEL_TARGET,recent_validation,reported,primary,1694.50,1694.50,,10,3,0,3,0,7,0,0.8199481892812590982214770093,0.8192575213735153296398538759
OPTION_ACCEL_TARGET,recent_validation,reported,delay2,1899.56,1899.56,,10,4,0,4,0,6,0,0.7981592106409610697064555135,0.7971232087793454168340208135
OPTION_ACCEL_TARGET,recent_validation,reported,delay3,685.43,685.43,,10,6,0,6,0,4,0,0.9271685378454136463227778026,0.9268232038915417620319662359
OPTION_ACCEL_TARGET,recent_validation,reported,open_plus_1pct,1610.66,1610.66,,10,3,0,3,0,7,0,0.8288567427251417994342898553,0.8278207408635261465618551553
OPTION_ACCEL_TARGET,recent_validation,reported,delete_best,2061.59,2061.59,,10,2,0,2,0,7,0,0.7809424535499267892017791605,0.7799064516883111363293444605
OPTION_ACCEL_TRAIL,recent_validation,reported,primary,1694.50,1694.50,,10,3,0,3,0,7,0,0.8199481892812590982214770093,0.8192575213735153296398538759
OPTION_ACCEL_TRAIL,recent_validation,reported,delay2,1899.56,1899.56,,10,4,0,4,0,6,0,0.7981592106409610697064555135,0.7971232087793454168340208135
OPTION_ACCEL_TRAIL,recent_validation,reported,delay3,685.43,685.43,,10,6,0,6,0,4,0,0.9271685378454136463227778026,0.9268232038915417620319662359
OPTION_ACCEL_TRAIL,recent_validation,reported,open_plus_1pct,1610.66,1610.66,,10,3,0,3,0,7,0,0.8288567427251417994342898553,0.8278207408635261465618551553
OPTION_ACCEL_TRAIL,recent_validation,reported,delete_best,2061.59,2061.59,,10,2,0,2,0,7,0,0.7809424535499267892017791605,0.7799064516883111363293444605
OPTION_ACCEL_OI_TARGET,recent_validation,reported,primary,1975.13,1975.13,,9,3,0,3,0,6,0,0.7901293992889308248274924080,0.7887480634734432876642461413
OPTION_ACCEL_OI_TARGET,recent_validation,reported,delay2,1523.07,1523.07,,9,5,1,4,0,4,0,0.8381637584234920594441929705,0.8374730905157482908625698372
OPTION_ACCEL_OI_TARGET,recent_validation,reported,delay3,949.54,949.54,,9,5,0,5,0,4,0,0.8991051069047664586162415340,0.8987597729508945743254299673
OPTION_ACCEL_OI_TARGET,recent_validation,reported,open_plus_1pct,5561.65,5561.65,,9,4,2,2,1,5,0,0.5567887234600387455741827927,0.5544577731415552259906140401
OPTION_ACCEL_OI_TARGET,recent_validation,reported,delete_best,3834.09,3834.09,,9,2,0,2,0,6,0,0.5926026279382606644437785697,0.5898399563072855901172860364
OPTION_ACCEL_OI_TRAIL,recent_validation,reported,primary,1975.13,1975.13,,9,3,0,3,0,6,0,0.7901293992889308248274924080,0.7887480634734432876642461413
OPTION_ACCEL_OI_TRAIL,recent_validation,reported,delay2,1523.07,1523.07,,9,5,1,4,0,4,0,0.8381637584234920594441929705,0.8374730905157482908625698372
OPTION_ACCEL_OI_TRAIL,recent_validation,reported,delay3,949.54,949.54,,9,5,0,5,0,4,0,0.8991051069047664586162415340,0.8987597729508945743254299673
OPTION_ACCEL_OI_TRAIL,recent_validation,reported,open_plus_1pct,4893.53,4893.53,,9,4,2,2,0,5,0,0.5553430293734405071066534123,0.5529805055437530326628006084
OPTION_ACCEL_OI_TRAIL,recent_validation,reported,delete_best,3834.09,3834.09,,9,2,0,2,0,6,0,0.5926026279382606644437785697,0.5898399563072855901172860364
BLIND_CE_TARGET,recent_validation,reported,primary,656.46,656.46,,13,5,0,5,0,8,0,0.9302467915819270272165658292,0.9285201218125676057625079958
BLIND_CE_TARGET,recent_validation,reported,delay2,587.03,587.03,,13,5,0,5,0,8,0,0.9376241874026423891584264672,0.9372788534487705048676149006
BLIND_CE_TARGET,recent_validation,reported,delay3,2019.38,2019.38,,13,5,1,4,1,8,0,0.7854275446862136310218272310,0.8086531125746186981866248441
BLIND_CE_TARGET,recent_validation,reported,open_plus_1pct,2729.62,2729.62,,13,7,3,4,3,6,0,0.8091330989002997656835070138,0.8077695740977836079145971973
BLIND_CE_TARGET,recent_validation,reported,delete_best,1258.87,1258.87,,13,4,0,4,0,8,0,0.8662367524582464685618594055,0.8655460845505026999802362722
BLIND_CE_TRAIL,recent_validation,reported,primary,1464.23,1464.23,,13,5,0,5,0,8,0,0.8444158968375910353430706883,0.8437252289298472667614475549
BLIND_CE_TRAIL,recent_validation,reported,delay2,1092.82,1092.82,,13,5,0,5,0,8,0,0.8838806610860699720970165272,0.8835353271321980878062049605
BLIND_CE_TRAIL,recent_validation,reported,delay3,919.64,919.64,,13,5,0,5,0,8,0,0.9022821792803877940917079474,0.9015915113726440255100848140
BLIND_CE_TRAIL,recent_validation,reported,open_plus_1pct,982.00,982.00,,13,7,0,7,0,6,0,0.8956560176300952696686281635,0.8949653497223515010870050302
BLIND_CE_TRAIL,recent_validation,reported,delete_best,1130.28,1130.28,,13,4,0,4,0,8,0,0.8799002888054420380866161310,0.8792096208976982695049929977
BLIND_PE_TARGET,recent_validation,reported,primary,1939.12,1939.12,,13,3,0,3,0,10,0,0.7939556994978313027696845667,0.7925743636823437656064383000
BLIND_PE_TARGET,recent_validation,reported,delay2,914.66,914.66,,13,5,0,5,0,8,0,0.9028113371543207121742438249,0.9024660032004488278834322582
BLIND_PE_TARGET,recent_validation,reported,delay3,1265.56,1265.56,,13,7,1,6,1,6,0,0.8655258957962763436678503652,0.8651805618424044593770387985
BLIND_PE_TARGET,recent_validation,reported,open_plus_1pct,1796.37,1796.37,,13,9,3,6,3,4,0,0.9200822851119625806753244545,0.9292766688130500107319167203
BLIND_PE_TARGET,recent_validation,reported,delete_best,2881.24,2881.24,,13,2,0,2,0,10,0,0.6938492303834375710591020467,0.6917772266602062653142326467
BLIND_PE_TRAIL,recent_validation,reported,primary,1939.12,1939.12,,13,3,0,3,0,10,0,0.7939556994978313027696845667,0.7925743636823437656064383000
BLIND_PE_TRAIL,recent_validation,reported,delay2,1381.46,1381.46,,13,5,0,5,0,8,0,0.8532107557181989931124471108,0.8528654217643271088216355441
BLIND_PE_TRAIL,recent_validation,reported,delay3,2920.76,2920.76,,13,7,1,6,0,6,0,0.8096827390401628701183060998,0.8337530469080391619329350836
BLIND_PE_TRAIL,recent_validation,reported,open_plus_1pct,28689.86,28689.86,,13,9,3,6,0,4,0,0.8152585856911170485245385928,0.8343256182384870506997007912
BLIND_PE_TRAIL,recent_validation,reported,delete_best,2881.24,2881.24,,13,2,0,2,0,10,0,0.6938492303834375710591020467,0.6917772266602062653142326467
ORB30_TARGET,older_validation,strict,primary,,27284.09,2025-11-11:UNKNOWN_SELECTION_DATA,5,2,2,0,1,1,1,0,0.3247599712862847144331284490
ORB30_TARGET,older_validation,strict,delay2,,27217.94,2025-11-11:UNKNOWN_SELECTION_DATA,5,2,2,0,1,1,1,0,0.3199373220926560757132764030
ORB30_TARGET,older_validation,strict,delay3,,12597.17,2025-11-11:UNKNOWN_SELECTION_DATA,5,1,1,0,0,2,1,0,0.2013838859739161295395476444
ORB30_TARGET,older_validation,strict,open_plus_1pct,,26925.54,2025-11-11:UNKNOWN_SELECTION_DATA,5,2,2,0,1,1,1,0,0.3318544489501770200012583005
ORB30_TARGET,older_validation,strict,delete_best,,17831.20,2025-11-11:UNKNOWN_SELECTION_DATA,5,1,1,0,1,1,1,0,0.2995086694760912021659345587
ORB30_TRAIL,older_validation,strict,primary,,6498.99,2025-11-11:UNKNOWN_SELECTION_DATA,5,2,0,2,0,1,1,0.3094394114234346808795496420,0.3066501756421617692999177574
ORB30_TRAIL,older_validation,strict,delay2,,6776.60,2025-11-11:UNKNOWN_SELECTION_DATA,5,2,0,2,0,1,1,0.2799415163667042815034884042,0.2771522805854313699238565196
ORB30_TRAIL,older_validation,strict,delay3,,7499.81,2025-11-11:UNKNOWN_SELECTION_DATA,5,1,0,1,0,2,1,0.2030956798191087621318474410,0.2003064440378358505522155564
ORB30_TRAIL,older_validation,strict,open_plus_1pct,,6844.14,2025-11-11:UNKNOWN_SELECTION_DATA,5,2,0,2,0,1,1,0.2727649455222405691953612618,0.2699757097409676576157293772
ORB30_TRAIL,older_validation,strict,delete_best,,7432.28,2025-11-11:UNKNOWN_SELECTION_DATA,5,1,0,1,0,1,1,0.2102711880975605609498490094,0.2074819523162876493702171247
LATE_BREAK_TARGET,older_validation,strict,primary,,9411.18,2025-10-07:UNKNOWN_SELECTION_DATA,1,0,0,0,0,0,0,0,0
LATE_BREAK_TARGET,older_validation,strict,delay2,,9411.18,2025-10-07:UNKNOWN_SELECTION_DATA,1,0,0,0,0,0,0,0,0
LATE_BREAK_TARGET,older_validation,strict,delay3,,9411.18,2025-10-07:UNKNOWN_SELECTION_DATA,1,0,0,0,0,0,0,0,0
LATE_BREAK_TARGET,older_validation,strict,open_plus_1pct,,9411.18,2025-10-07:UNKNOWN_SELECTION_DATA,1,0,0,0,0,0,0,0,0
LATE_BREAK_TARGET,older_validation,strict,delete_best,,9411.18,2025-10-07:UNKNOWN_SELECTION_DATA,1,0,0,0,0,0,0,0,0
LATE_BREAK_TRAIL,older_validation,strict,primary,,9411.18,2025-10-07:UNKNOWN_SELECTION_DATA,1,0,0,0,0,0,0,0,0
LATE_BREAK_TRAIL,older_validation,strict,delay2,,9411.18,2025-10-07:UNKNOWN_SELECTION_DATA,1,0,0,0,0,0,0,0,0
LATE_BREAK_TRAIL,older_validation,strict,delay3,,9411.18,2025-10-07:UNKNOWN_SELECTION_DATA,1,0,0,0,0,0,0,0,0
LATE_BREAK_TRAIL,older_validation,strict,open_plus_1pct,,9411.18,2025-10-07:UNKNOWN_SELECTION_DATA,1,0,0,0,0,0,0,0,0
LATE_BREAK_TRAIL,older_validation,strict,delete_best,,9411.18,2025-10-07:UNKNOWN_SELECTION_DATA,1,0,0,0,0,0,0,0,0
LATE_FADE_TARGET,older_validation,strict,primary,,2450.01,2025-11-11:UNKNOWN_SELECTION_DATA,5,2,0,2,0,1,1,0.7396702645151830057442318604,0.7344902552071047413820583604
LATE_FADE_TARGET,older_validation,strict,delay2,,3575.78,2025-11-11:UNKNOWN_SELECTION_DATA,5,2,0,2,0,1,1,0.6200497705919980278774818886,0.6136743745205170871240375808
LATE_FADE_TARGET,older_validation,strict,delay3,,3752.10,2025-11-11:UNKNOWN_SELECTION_DATA,5,2,0,2,0,1,1,0.6013146066699393699833602163,0.5949392105984584292299159085
LATE_FADE_TARGET,older_validation,strict,open_plus_1pct,,3461.35,2025-11-11:UNKNOWN_SELECTION_DATA,5,2,0,2,0,1,1,0.6322087134663240953844257575,0.6250363928859080370368009113
LATE_FADE_TARGET,older_validation,strict,delete_best,,4697.50,2025-11-11:UNKNOWN_SELECTION_DATA,5,1,0,1,0,1,1,0.5008596159036380135115894075,0.4972734556134299843377769844
LATE_FADE_TRAIL,older_validation,strict,primary,,2450.01,2025-11-11:UNKNOWN_SELECTION_DATA,5,2,0,2,0,1,1,0.7396702645151830057442318604,0.7344902552071047413820583604
LATE_FADE_TRAIL,older_validation,strict,delay2,,3575.78,2025-11-11:UNKNOWN_SELECTION_DATA,5,2,0,2,0,1,1,0.6200497705919980278774818886,0.6136743745205170871240375808
LATE_FADE_TRAIL,older_validation,strict,delay3,,3752.10,2025-11-11:UNKNOWN_SELECTION_DATA,5,2,0,2,0,1,1,0.6013146066699393699833602163,0.5949392105984584292299159085
LATE_FADE_TRAIL,older_validation,strict,open_plus_1pct,,3461.35,2025-11-11:UNKNOWN_SELECTION_DATA,5,2,0,2,0,1,1,0.6322087134663240953844257575,0.6250363928859080370368009113
LATE_FADE_TRAIL,older_validation,strict,delete_best,,4697.50,2025-11-11:UNKNOWN_SELECTION_DATA,5,1,0,1,0,1,1,0.5008596159036380135115894075,0.4972734556134299843377769844
TREND1445_TARGET,older_validation,strict,primary,,5143.23,2026-01-20:UNKNOWN_SELECTION_DATA,2,1,0,1,0,0,0,0.4534978610546180181443772194,0.4467240027286695185938426425
TREND1445_TARGET,older_validation,strict,delay2,,5594.05,2026-01-20:UNKNOWN_SELECTION_DATA,2,1,0,1,0,0,0,0.4055952601055340563032478393,0.3988214017795855567527132623
TREND1445_TARGET,older_validation,strict,delay3,,6295.59,2026-01-20:UNKNOWN_SELECTION_DATA,2,1,0,1,0,0,0,0.3310520041057550700337258452,0.3242781457798065704831912683
TREND1445_TARGET,older_validation,strict,open_plus_1pct,,5143.23,2026-01-20:UNKNOWN_SELECTION_DATA,2,1,0,1,0,0,0,0.4534978610546180181443772194,0.4467240027286695185938426425
TREND1445_TARGET,older_validation,strict,delete_best,,9411.18,2026-01-20:UNKNOWN_SELECTION_DATA,2,0,0,0,0,0,0,0,0
TREND1445_TRAIL,older_validation,strict,primary,,5143.23,2026-01-20:UNKNOWN_SELECTION_DATA,2,1,0,1,0,0,0,0.4534978610546180181443772194,0.4467240027286695185938426425
TREND1445_TRAIL,older_validation,strict,delay2,,5594.05,2026-01-20:UNKNOWN_SELECTION_DATA,2,1,0,1,0,0,0,0.4055952601055340563032478393,0.3988214017795855567527132623
TREND1445_TRAIL,older_validation,strict,delay3,,6295.59,2026-01-20:UNKNOWN_SELECTION_DATA,2,1,0,1,0,0,0,0.3310520041057550700337258452,0.3242781457798065704831912683
TREND1445_TRAIL,older_validation,strict,open_plus_1pct,,5143.23,2026-01-20:UNKNOWN_SELECTION_DATA,2,1,0,1,0,0,0,0.4534978610546180181443772194,0.4467240027286695185938426425
TREND1445_TRAIL,older_validation,strict,delete_best,,9411.18,2026-01-20:UNKNOWN_SELECTION_DATA,2,0,0,0,0,0,0,0,0
OPTION_ACCEL_TARGET,older_validation,strict,primary,,5138.64,2025-10-20:UNKNOWN_SIGNAL,2,1,0,1,0,0,1,0.4539855788540863101120157090,0.4500009563094107221411130166
OPTION_ACCEL_TARGET,older_validation,strict,delay2,,5288.70,2025-10-20:UNKNOWN_SIGNAL,2,1,0,1,0,0,1,0.4380407132793124772876514953,0.4340560907346368893167488030
OPTION_ACCEL_TARGET,older_validation,strict,delay3,,5806.41,2025-10-20:UNKNOWN_SIGNAL,2,1,0,1,0,0,1,0.3830306082765391799965572861,0.3790459857318635920256545938
OPTION_ACCEL_TARGET,older_validation,strict,open_plus_1pct,,5228.68,2025-10-20:UNKNOWN_SIGNAL,2,1,0,1,0,0,1,0.4444182344828172450213469512,0.4404336119381416570504442588
OPTION_ACCEL_TARGET,older_validation,strict,delete_best,,9411.18,2025-10-20:UNKNOWN_SIGNAL,2,0,0,0,0,0,1,0,0
OPTION_ACCEL_TRAIL,older_validation,strict,primary,,5138.64,2025-10-20:UNKNOWN_SIGNAL,2,1,0,1,0,0,1,0.4539855788540863101120157090,0.4500009563094107221411130166
OPTION_ACCEL_TRAIL,older_validation,strict,delay2,,5288.70,2025-10-20:UNKNOWN_SIGNAL,2,1,0,1,0,0,1,0.4380407132793124772876514953,0.4340560907346368893167488030
OPTION_ACCEL_TRAIL,older_validation,strict,delay3,,5806.41,2025-10-20:UNKNOWN_SIGNAL,2,1,0,1,0,0,1,0.3830306082765391799965572861,0.3790459857318635920256545938
OPTION_ACCEL_TRAIL,older_validation,strict,open_plus_1pct,,5228.68,2025-10-20:UNKNOWN_SIGNAL,2,1,0,1,0,0,1,0.4444182344828172450213469512,0.4404336119381416570504442588
OPTION_ACCEL_TRAIL,older_validation,strict,delete_best,,9411.18,2025-10-20:UNKNOWN_SIGNAL,2,0,0,0,0,0,1,0,0
OPTION_ACCEL_OI_TARGET,older_validation,strict,primary,,5288.70,2025-10-20:UNKNOWN_SIGNAL,1,1,0,1,0,0,0,0.4380407132793124772876514953,0.4340560907346368893167488030
OPTION_ACCEL_OI_TARGET,older_validation,strict,delay2,,5806.41,2025-10-20:UNKNOWN_SIGNAL,1,1,0,1,0,0,0,0.3830306082765391799965572861,0.3790459857318635920256545938
OPTION_ACCEL_OI_TARGET,older_validation,strict,delay3,,5843.94,2025-10-20:UNKNOWN_SIGNAL,1,1,0,1,0,0,0,0.3790427980338278515552778716,0.3750581754891522635843751793
OPTION_ACCEL_OI_TARGET,older_validation,strict,open_plus_1pct,,6016.51,2025-10-20:UNKNOWN_SIGNAL,1,1,0,1,0,0,0,0.3607060963662367524582464686,0.3567214738215611644873437762
OPTION_ACCEL_OI_TARGET,older_validation,strict,delete_best,,9411.18,2025-10-20:UNKNOWN_SIGNAL,1,0,0,0,0,0,0,0,0
OPTION_ACCEL_OI_TRAIL,older_validation,strict,primary,,5288.70,2025-10-20:UNKNOWN_SIGNAL,1,1,0,1,0,0,0,0.4380407132793124772876514953,0.4340560907346368893167488030
OPTION_ACCEL_OI_TRAIL,older_validation,strict,delay2,,5806.41,2025-10-20:UNKNOWN_SIGNAL,1,1,0,1,0,0,0,0.3830306082765391799965572861,0.3790459857318635920256545938
OPTION_ACCEL_OI_TRAIL,older_validation,strict,delay3,,5843.94,2025-10-20:UNKNOWN_SIGNAL,1,1,0,1,0,0,0,0.3790427980338278515552778716,0.3750581754891522635843751793
OPTION_ACCEL_OI_TRAIL,older_validation,strict,open_plus_1pct,,6016.51,2025-10-20:UNKNOWN_SIGNAL,1,1,0,1,0,0,0,0.3607060963662367524582464686,0.3567214738215611644873437762
OPTION_ACCEL_OI_TRAIL,older_validation,strict,delete_best,,9411.18,2025-10-20:UNKNOWN_SIGNAL,1,0,0,0,0,0,0,0,0
BLIND_CE_TARGET,older_validation,strict,primary,,9411.18,2025-10-20:UNKNOWN_SELECTION_DATA,3,0,0,0,0,1,1,0,0
BLIND_CE_TARGET,older_validation,strict,delay2,,4234.72,2025-10-20:UNKNOWN_SELECTION_DATA,3,1,0,1,0,0,1,0.5500330458029705095429053530,0.5440561119859571275865513145
BLIND_CE_TARGET,older_validation,strict,delay3,,6715.45,2025-10-20:UNKNOWN_SELECTION_DATA,3,1,0,1,0,0,1,0.2864391075295552736213737278,0.2804621737125418916650196893
BLIND_CE_TARGET,older_validation,strict,open_plus_1pct,,9411.18,2025-10-20:UNKNOWN_SELECTION_DATA,3,0,0,0,0,1,1,0,0
BLIND_CE_TARGET,older_validation,strict,delete_best,,9411.18,2025-10-20:UNKNOWN_SELECTION_DATA,3,0,0,0,0,1,1,0,0
BLIND_CE_TRAIL,older_validation,strict,primary,,9411.18,2025-10-20:UNKNOWN_SELECTION_DATA,3,0,0,0,0,1,1,0,0
BLIND_CE_TRAIL,older_validation,strict,delay2,,4234.72,2025-10-20:UNKNOWN_SELECTION_DATA,3,1,0,1,0,0,1,0.5500330458029705095429053530,0.5440561119859571275865513145
BLIND_CE_TRAIL,older_validation,strict,delay3,,6715.45,2025-10-20:UNKNOWN_SELECTION_DATA,3,1,0,1,0,0,1,0.2864391075295552736213737278,0.2804621737125418916650196893
BLIND_CE_TRAIL,older_validation,strict,open_plus_1pct,,9411.18,2025-10-20:UNKNOWN_SELECTION_DATA,3,0,0,0,0,1,1,0,0
BLIND_CE_TRAIL,older_validation,strict,delete_best,,9411.18,2025-10-20:UNKNOWN_SELECTION_DATA,3,0,0,0,0,1,1,0,0
BLIND_PE_TARGET,older_validation,strict,primary,,9411.18,2025-10-07:UNKNOWN_SELECTION_DATA,1,0,0,0,0,0,0,0,0
BLIND_PE_TARGET,older_validation,strict,delay2,,9411.18,2025-10-07:UNKNOWN_SELECTION_DATA,1,0,0,0,0,0,0,0,0
BLIND_PE_TARGET,older_validation,strict,delay3,,9411.18,2025-10-07:UNKNOWN_SELECTION_DATA,1,0,0,0,0,0,0,0,0
BLIND_PE_TARGET,older_validation,strict,open_plus_1pct,,9411.18,2025-10-07:UNKNOWN_SELECTION_DATA,1,0,0,0,0,0,0,0,0
BLIND_PE_TARGET,older_validation,strict,delete_best,,9411.18,2025-10-07:UNKNOWN_SELECTION_DATA,1,0,0,0,0,0,0,0,0
BLIND_PE_TRAIL,older_validation,strict,primary,,9411.18,2025-10-07:UNKNOWN_SELECTION_DATA,1,0,0,0,0,0,0,0,0
BLIND_PE_TRAIL,older_validation,strict,delay2,,9411.18,2025-10-07:UNKNOWN_SELECTION_DATA,1,0,0,0,0,0,0,0,0
BLIND_PE_TRAIL,older_validation,strict,delay3,,9411.18,2025-10-07:UNKNOWN_SELECTION_DATA,1,0,0,0,0,0,0,0,0
BLIND_PE_TRAIL,older_validation,strict,open_plus_1pct,,9411.18,2025-10-07:UNKNOWN_SELECTION_DATA,1,0,0,0,0,0,0,0,0
BLIND_PE_TRAIL,older_validation,strict,delete_best,,9411.18,2025-10-07:UNKNOWN_SELECTION_DATA,1,0,0,0,0,0,0,0,0
ORB30_TARGET,older_validation,reported,primary,1243.79,1243.79,,21,10,3,7,2,6,5,0.9544133595806200609952540107,0.9556290864016355319162193058
ORB30_TARGET,older_validation,reported,delay2,1221.76,1221.76,,21,10,3,7,2,6,5,0.9697225432931368060918644100,0.9737393792476579785244585005
ORB30_TARGET,older_validation,reported,delay3,941.32,941.32,,21,8,2,6,1,8,5,0.9252752800827487443608366006,0.9245012967198188164484562803
ORB30_TARGET,older_validation,reported,open_plus_1pct,524.20,524.20,,21,10,2,8,1,3,8,0.9805314953757659085017422120,0.9804107921326740336498358064
ORB30_TARGET,older_validation,reported,delete_best,1176.60,1176.60,,21,9,2,7,2,7,4,0.9340145363183633182287226883,0.9334677419354838709677419355
ORB30_TRAIL,older_validation,reported,primary,576.75,576.75,,21,8,0,8,0,6,7,0.9387165052628894570075165920,0.9476951880635584485686173254
ORB30_TRAIL,older_validation,reported,delay2,466.92,466.92,,21,7,0,7,0,5,9,0.9503866677717353190566963973,0.9497650666547659273332355773
ORB30_TRAIL,older_validation,reported,delay3,1449.57,1449.57,,21,7,1,6,0,8,6,0.8516115938702691904734581636,0.8635856502585223106985521476
ORB30_TRAIL,older_validation,reported,open_plus_1pct,425.81,425.81,,21,9,0,9,0,3,9,0.9547548766467116769629313221,0.9544095426928397926721197554
ORB30_TRAIL,older_validation,reported,delete_best,623.16,623.16,,21,7,0,7,0,6,7,0.9337851364015989493347274199,0.9330944684938551807531042866
LATE_BREAK_TARGET,older_validation,reported,primary,49.59,49.59,,24,11,3,8,3,7,6,0.9947307351469210024672782797,0.9943854011930491181764667130
LATE_BREAK_TARGET,older_validation,reported,delay2,170.02,170.02,,24,11,3,8,3,9,4,0.9819342526654468408849899800,0.9815889187115749565941784133
LATE_BREAK_TARGET,older_validation,reported,delay3,21.37,21.37,,24,7,0,7,0,4,13,0.9977292964325408716016482524,0.9973839624786689873108366857
LATE_BREAK_TARGET,older_validation,reported,open_plus_1pct,-238.66,-238.66,,24,3,1,2,1,1,20,1.015234313910104398392692432,0.8682595054880170050332089659
LATE_BREAK_TARGET,older_validation,reported,delete_best,31.92,31.92,,24,8,1,7,1,7,8,0.9966082892899721395191676283,0.9962629553361002552283560616
LATE_BREAK_TRAIL,older_validation,reported,primary,49.49,49.49,,24,8,1,7,0,6,10,0.9947413608070401373685340202,0.9943960268531682530777224535
LATE_BREAK_TRAIL,older_validation,reported,delay2,-8.86,-8.86,,24,11,1,10,0,8,5,1.000941433486555352251258609,1.000596099532683467960447043
LATE_BREAK_TRAIL,older_validation,reported,delay3,21.37,21.37,,24,7,0,7,0,4,13,0.9977292964325408716016482524,0.9973839624786689873108366857
LATE_BREAK_TRAIL,older_validation,reported,open_plus_1pct,-235.37,-235.37,,24,3,1,2,0,1,20,1.017306859434065622975615101,0.8491059801570757238520244033
LATE_BREAK_TRAIL,older_validation,reported,delete_best,19.09,19.09,,24,8,0,8,0,7,8,0.9979715614832571473502791361,0.9976262275293852630594675694
LATE_FADE_TARGET,older_validation,reported,primary,44.09,44.09,,17,7,0,7,0,9,1,0.9953151464534734220363440079,0.9897898031915232733833589412
LATE_FADE_TARGET,older_validation,reported,delay2,26.05,26.05,,17,8,0,8,0,6,3,0.9972320155389653582228795964,0.9930880080925027467331407964
LATE_FADE_TARGET,older_validation,reported,delay3,-13.77,-13.77,,17,12,0,12,1,3,2,1.001463153398404875902915469,1.001117819444532991612103902
LATE_FADE_TARGET,older_validation,reported,open_plus_1pct,1573.16,1573.16,,17,8,2,6,2,8,1,0.8802700617775879326503159009,0.9074334993061443942204909480
LATE_FADE_TARGET,older_validation,reported,delete_best,196.37,196.37,,17,6,0,6,0,9,1,0.9791343912240547944041023549,0.9780983893624391415316676548
LATE_FADE_TRAIL,older_validation,reported,primary,44.09,44.09,,17,7,0,7,0,9,1,0.9953151464534734220363440079,0.9897898031915232733833589412
LATE_FADE_TRAIL,older_validation,reported,delay2,26.05,26.05,,17,8,0,8,0,6,3,0.9972320155389653582228795964,0.9930880080925027467331407964
LATE_FADE_TRAIL,older_validation,reported,delay3,2.00,2.00,,17,11,0,11,0,3,3,0.9997874867976173019748851897,0.9994421528437454176840736231
LATE_FADE_TRAIL,older_validation,reported,open_plus_1pct,1501.50,1501.50,,17,8,2,6,0,8,1,0.8469193023616592180789231531,0.8535784035583210606958957325
LATE_FADE_TRAIL,older_validation,reported,delete_best,196.37,196.37,,17,6,0,6,0,9,1,0.9791343912240547944041023549,0.9780983893624391415316676548
TREND1445_TARGET,older_validation,reported,primary,9521.38,9521.38,,2,2,1,1,1,0,0,0.4534978610546180181443772194,0.6167983185955427480932252916
TREND1445_TARGET,older_validation,reported,delay2,9868.32,9868.32,,2,2,1,1,1,0,0,0.4055952601055340563032478393,0.5578322803304155270646188894
TREND1445_TARGET,older_validation,reported,delay3,11068.72,11068.72,,2,2,1,1,1,0,0,0.3310520041057550700337258452,0.4316631920758077095539560395
TREND1445_TARGET,older_validation,reported,open_plus_1pct,9573.31,9573.31,,2,2,1,1,1,0,0,0.4534978610546180181443772194,0.6223310998195762911770893767
TREND1445_TARGET,older_validation,reported,delete_best,5143.23,5143.23,,2,1,0,1,0,0,0,0.4534978610546180181443772194,0.4467240027286695185938426425
TREND1445_TRAIL,older_validation,reported,primary,31436.13,31436.13,,2,2,1,1,0,0,0,0.4534978610546180181443772194,0.6212876599958772438737756583
TREND1445_TRAIL,older_validation,reported,delay2,31990.98,31990.98,,2,2,1,1,0,0,0,0.4055952601055340563032478393,0.5623311848248572442562994226
TREND1445_TRAIL,older_validation,reported,delay3,39889.83,39889.83,,2,2,1,1,0,0,0,0.3310520041057550700337258452,0.4375221810654986941063713583
TREND1445_TRAIL,older_validation,reported,open_plus_1pct,31384.10,31384.10,,2,2,1,1,0,0,0,0.4534978610546180181443772194,0.6268161909558631329971374472
TREND1445_TRAIL,older_validation,reported,delete_best,5143.23,5143.23,,2,1,0,1,0,0,0,0.4534978610546180181443772194,0.4467240027286695185938426425
OPTION_ACCEL_TARGET,older_validation,reported,primary,-0.99,-0.99,,22,8,0,8,0,1,13,1.000105194035179435522431831,0.9997598600813075512316202644
OPTION_ACCEL_TARGET,older_validation,reported,delay2,365.48,365.48,,22,12,2,10,1,7,3,0.9611653373965857628905195735,0.9601293355349701100180848735
OPTION_ACCEL_TARGET,older_validation,reported,delay3,1270.03,1270.03,,22,15,4,11,2,6,1,0.8892912472187334638164395963,0.9141839811798307969882628958
OPTION_ACCEL_TARGET,older_validation,reported,open_plus_1pct,467.27,467.27,,22,17,6,11,5,4,1,0.9503494779613183469023013055,0.9489681421458308097390550388
OPTION_ACCEL_TARGET,older_validation,reported,delete_best,-4.24,-4.24,,22,8,0,8,0,1,12,1.000450527989051319813243398,1.000105194035179435522431831
OPTION_ACCEL_TRAIL,older_validation,reported,primary,-0.99,-0.99,,22,8,0,8,0,1,13,1.000105194035179435522431831,0.9997598600813075512316202644
OPTION_ACCEL_TRAIL,older_validation,reported,delay2,1876.04,1876.04,,22,13,1,12,0,8,1,0.9634849190005929118346477275,0.9750902649827120509861675157
OPTION_ACCEL_TRAIL,older_validation,reported,delay3,2006.80,2006.80,,22,15,2,13,0,6,1,0.9466708744280738440875639399,0.9575855525024492146574605947
OPTION_ACCEL_TRAIL,older_validation,reported,open_plus_1pct,6049.95,6049.95,,22,16,4,12,0,5,1,0.8623435105905954407417560816,0.8893911284238533318882435571
OPTION_ACCEL_TRAIL,older_validation,reported,delete_best,-4.24,-4.24,,22,8,0,8,0,1,12,1.000450527989051319813243398,1.000105194035179435522431831
OPTION_ACCEL_OI_TARGET,older_validation,reported,primary,192.18,192.18,,15,11,1,10,1,4,0,0.9795796063830465467667178824,0.9788889384753027781850947490
OPTION_ACCEL_OI_TARGET,older_validation,reported,delay2,431.85,431.85,,15,11,1,10,1,4,0,0.9541130867755159289270845951,0.9516957490984127388914036284
OPTION_ACCEL_OI_TARGET,older_validation,reported,delay3,1108.99,1108.99,,15,11,1,10,1,4,0,0.8821624918448058585639632862,0.8773278164905994784926013529
OPTION_ACCEL_OI_TARGET,older_validation,reported,open_plus_1pct,157.54,157.54,,15,11,1,10,1,4,0,0.9832603350483148765617063960,0.9825696671405711079800832627
OPTION_ACCEL_OI_TARGET,older_validation,reported,delete_best,123.85,123.85,,15,9,0,9,0,4,1,0.9868401199424514247947653748,0.9861494520347076562131422415
OPTION_ACCEL_OI_TRAIL,older_validation,reported,primary,2406.90,2406.90,,15,10,1,9,0,5,0,0.9019464084206231312120265472,0.9244366806287840632099269167
OPTION_ACCEL_OI_TRAIL,older_validation,reported,delay2,1959.98,1959.98,,15,11,1,10,0,4,0,0.8191810166206575583508125442,0.8615593368738032850290824317
OPTION_ACCEL_OI_TRAIL,older_validation,reported,delay3,2300.38,2300.38,,15,11,1,10,0,4,0,0.7555694397514445584931963898,0.7572270427300296030890919098
OPTION_ACCEL_OI_TRAIL,older_validation,reported,open_plus_1pct,2561.68,2561.68,,15,11,1,10,0,4,0,0.9098008963806876502202699343,0.9281439734443502302580547816
OPTION_ACCEL_OI_TRAIL,older_validation,reported,delete_best,123.85,123.85,,15,9,0,9,0,4,1,0.9868401199424514247947653748,0.9861494520347076562131422415
BLIND_CE_TARGET,older_validation,reported,primary,525.25,525.25,,26,9,3,6,3,16,1,0.9652443022822632460399017246,0.9654772200470732096266500272
BLIND_CE_TARGET,older_validation,reported,delay2,189.99,189.99,,26,9,2,7,1,13,4,0.9798123083396556011042185996,0.9791216404319118325225954662
BLIND_CE_TARGET,older_validation,reported,delay3,233.91,233.91,,26,9,2,7,2,12,5,0.9829553786028957048956666433,0.9909628760686757664819926938
BLIND_CE_TARGET,older_validation,reported,open_plus_1pct,1976.60,1976.60,,26,16,7,9,7,9,1,0.9507658476650339622391564250,0.9618794978026381589187721268
BLIND_CE_TARGET,older_validation,reported,delete_best,193.82,193.82,,26,7,1,6,1,14,4,0.9794053455570927343861237379,0.9821053257933649127952074023
BLIND_CE_TRAIL,older_validation,reported,primary,198.47,198.47,,26,9,0,9,0,14,3,0.9789112523615529614777318041,0.9782205844538091928961086708
BLIND_CE_TRAIL,older_validation,reported,delay2,21.37,21.37,,26,8,0,8,0,13,5,0.9977292964325408716016482524,0.9973839624786689873108366857
BLIND_CE_TRAIL,older_validation,reported,delay3,81.85,81.85,,26,8,0,8,0,12,6,0.9913028971924880833221763902,0.9909575632386161990313648235
BLIND_CE_TRAIL,older_validation,reported,open_plus_1pct,41.00,41.00,,26,12,0,12,0,9,5,0.9956434793511546904851463897,0.9952981453972828061943348231
BLIND_CE_TRAIL,older_validation,reported,delete_best,254.42,254.42,,26,8,0,8,0,14,3,0.9729661955248969842251449871,0.9722755276171532156435218538
BLIND_PE_TARGET,older_validation,reported,primary,235.90,235.90,,26,8,1,7,1,16,2,0.9749340677789607679377081301,0.9738980659173451150652734301
BLIND_PE_TARGET,older_validation,reported,delay2,19.34,19.34,,26,9,0,9,1,7,10,0.9979449973329593100971397848,0.9975996633790874258063282181
BLIND_PE_TARGET,older_validation,reported,delay3,27.59,27.59,,26,10,1,9,1,7,9,0.9970683803731306807435411925,0.9967230464192587964527296258
BLIND_PE_TARGET,older_validation,reported,open_plus_1pct,228.34,228.34,,26,14,3,11,2,11,1,0.9901107591510341822818273398,0.9899700039931155569530016362
BLIND_PE_TARGET,older_validation,reported,delete_best,232.29,232.29,,26,6,0,6,0,16,3,0.9753176541092615378730403626,0.9742816522476458850006056626
BLIND_PE_TRAIL,older_validation,reported,primary,2293.81,2293.81,,26,8,1,7,0,17,1,0.8560839342144130704119993455,0.9019039057801465916070035851
BLIND_PE_TRAIL,older_validation,reported,delay2,27.31,27.31,,26,8,0,8,0,7,11,0.9970981322214642584670572659,0.9984794680369517956303035326
BLIND_PE_TRAIL,older_validation,reported,delay3,57.46,57.46,,26,9,0,9,0,7,10,0.9938944956955450857384515013,0.9935491617416732014476399346
BLIND_PE_TRAIL,older_validation,reported,open_plus_1pct,38.03,38.03,,26,11,0,11,0,7,8,0.9959590614566929970524418830,0.9956137275028211127616303163
BLIND_PE_TRAIL,older_validation,reported,delete_best,487.64,487.64,,26,7,0,7,0,17,1,0.9481850309950505675165069630,0.9478396970411786832256953963
ORB30_TARGET,all,strict,primary,,27284.09,2025-11-11:UNKNOWN_SELECTION_DATA,5,2,2,0,1,1,1,0,0.3247599712862847144331284490
ORB30_TARGET,all,strict,delay2,,27217.94,2025-11-11:UNKNOWN_SELECTION_DATA,5,2,2,0,1,1,1,0,0.3199373220926560757132764030
ORB30_TARGET,all,strict,delay3,,12597.17,2025-11-11:UNKNOWN_SELECTION_DATA,5,1,1,0,0,2,1,0,0.2013838859739161295395476444
ORB30_TARGET,all,strict,open_plus_1pct,,26925.54,2025-11-11:UNKNOWN_SELECTION_DATA,5,2,2,0,1,1,1,0,0.3318544489501770200012583005
ORB30_TARGET,all,strict,delete_best,,17831.20,2025-11-11:UNKNOWN_SELECTION_DATA,5,1,1,0,1,1,1,0,0.2995086694760912021659345587
ORB30_TRAIL,all,strict,primary,,6498.99,2025-11-11:UNKNOWN_SELECTION_DATA,5,2,0,2,0,1,1,0.3094394114234346808795496420,0.3066501756421617692999177574
ORB30_TRAIL,all,strict,delay2,,6776.60,2025-11-11:UNKNOWN_SELECTION_DATA,5,2,0,2,0,1,1,0.2799415163667042815034884042,0.2771522805854313699238565196
ORB30_TRAIL,all,strict,delay3,,7499.81,2025-11-11:UNKNOWN_SELECTION_DATA,5,1,0,1,0,2,1,0.2030956798191087621318474410,0.2003064440378358505522155564
ORB30_TRAIL,all,strict,open_plus_1pct,,6844.14,2025-11-11:UNKNOWN_SELECTION_DATA,5,2,0,2,0,1,1,0.2727649455222405691953612618,0.2699757097409676576157293772
ORB30_TRAIL,all,strict,delete_best,,7432.28,2025-11-11:UNKNOWN_SELECTION_DATA,5,1,0,1,0,1,1,0.2102711880975605609498490094,0.2074819523162876493702171247
LATE_BREAK_TARGET,all,strict,primary,,9411.18,2025-10-07:UNKNOWN_SELECTION_DATA,1,0,0,0,0,0,0,0,0
LATE_BREAK_TARGET,all,strict,delay2,,9411.18,2025-10-07:UNKNOWN_SELECTION_DATA,1,0,0,0,0,0,0,0,0
LATE_BREAK_TARGET,all,strict,delay3,,9411.18,2025-10-07:UNKNOWN_SELECTION_DATA,1,0,0,0,0,0,0,0,0
LATE_BREAK_TARGET,all,strict,open_plus_1pct,,9411.18,2025-10-07:UNKNOWN_SELECTION_DATA,1,0,0,0,0,0,0,0,0
LATE_BREAK_TARGET,all,strict,delete_best,,9411.18,2025-10-07:UNKNOWN_SELECTION_DATA,1,0,0,0,0,0,0,0,0
LATE_BREAK_TRAIL,all,strict,primary,,9411.18,2025-10-07:UNKNOWN_SELECTION_DATA,1,0,0,0,0,0,0,0,0
LATE_BREAK_TRAIL,all,strict,delay2,,9411.18,2025-10-07:UNKNOWN_SELECTION_DATA,1,0,0,0,0,0,0,0,0
LATE_BREAK_TRAIL,all,strict,delay3,,9411.18,2025-10-07:UNKNOWN_SELECTION_DATA,1,0,0,0,0,0,0,0,0
LATE_BREAK_TRAIL,all,strict,open_plus_1pct,,9411.18,2025-10-07:UNKNOWN_SELECTION_DATA,1,0,0,0,0,0,0,0,0
LATE_BREAK_TRAIL,all,strict,delete_best,,9411.18,2025-10-07:UNKNOWN_SELECTION_DATA,1,0,0,0,0,0,0,0,0
LATE_FADE_TARGET,all,strict,primary,,2450.01,2025-11-11:UNKNOWN_SELECTION_DATA,5,2,0,2,0,1,1,0.7396702645151830057442318604,0.7344902552071047413820583604
LATE_FADE_TARGET,all,strict,delay2,,3575.78,2025-11-11:UNKNOWN_SELECTION_DATA,5,2,0,2,0,1,1,0.6200497705919980278774818886,0.6136743745205170871240375808
LATE_FADE_TARGET,all,strict,delay3,,3752.10,2025-11-11:UNKNOWN_SELECTION_DATA,5,2,0,2,0,1,1,0.6013146066699393699833602163,0.5949392105984584292299159085
LATE_FADE_TARGET,all,strict,open_plus_1pct,,3461.35,2025-11-11:UNKNOWN_SELECTION_DATA,5,2,0,2,0,1,1,0.6322087134663240953844257575,0.6250363928859080370368009113
LATE_FADE_TARGET,all,strict,delete_best,,4697.50,2025-11-11:UNKNOWN_SELECTION_DATA,5,1,0,1,0,1,1,0.5008596159036380135115894075,0.4972734556134299843377769844
LATE_FADE_TRAIL,all,strict,primary,,2450.01,2025-11-11:UNKNOWN_SELECTION_DATA,5,2,0,2,0,1,1,0.7396702645151830057442318604,0.7344902552071047413820583604
LATE_FADE_TRAIL,all,strict,delay2,,3575.78,2025-11-11:UNKNOWN_SELECTION_DATA,5,2,0,2,0,1,1,0.6200497705919980278774818886,0.6136743745205170871240375808
LATE_FADE_TRAIL,all,strict,delay3,,3752.10,2025-11-11:UNKNOWN_SELECTION_DATA,5,2,0,2,0,1,1,0.6013146066699393699833602163,0.5949392105984584292299159085
LATE_FADE_TRAIL,all,strict,open_plus_1pct,,3461.35,2025-11-11:UNKNOWN_SELECTION_DATA,5,2,0,2,0,1,1,0.6322087134663240953844257575,0.6250363928859080370368009113
LATE_FADE_TRAIL,all,strict,delete_best,,4697.50,2025-11-11:UNKNOWN_SELECTION_DATA,5,1,0,1,0,1,1,0.5008596159036380135115894075,0.4972734556134299843377769844
TREND1445_TARGET,all,strict,primary,,5143.23,2026-01-20:UNKNOWN_SELECTION_DATA,2,1,0,1,0,0,0,0.4534978610546180181443772194,0.4467240027286695185938426425
TREND1445_TARGET,all,strict,delay2,,5594.05,2026-01-20:UNKNOWN_SELECTION_DATA,2,1,0,1,0,0,0,0.4055952601055340563032478393,0.3988214017795855567527132623
TREND1445_TARGET,all,strict,delay3,,6295.59,2026-01-20:UNKNOWN_SELECTION_DATA,2,1,0,1,0,0,0,0.3310520041057550700337258452,0.3242781457798065704831912683
TREND1445_TARGET,all,strict,open_plus_1pct,,5143.23,2026-01-20:UNKNOWN_SELECTION_DATA,2,1,0,1,0,0,0,0.4534978610546180181443772194,0.4467240027286695185938426425
TREND1445_TARGET,all,strict,delete_best,,9411.18,2026-01-20:UNKNOWN_SELECTION_DATA,2,0,0,0,0,0,0,0,0
TREND1445_TRAIL,all,strict,primary,,5143.23,2026-01-20:UNKNOWN_SELECTION_DATA,2,1,0,1,0,0,0,0.4534978610546180181443772194,0.4467240027286695185938426425
TREND1445_TRAIL,all,strict,delay2,,5594.05,2026-01-20:UNKNOWN_SELECTION_DATA,2,1,0,1,0,0,0,0.4055952601055340563032478393,0.3988214017795855567527132623
TREND1445_TRAIL,all,strict,delay3,,6295.59,2026-01-20:UNKNOWN_SELECTION_DATA,2,1,0,1,0,0,0,0.3310520041057550700337258452,0.3242781457798065704831912683
TREND1445_TRAIL,all,strict,open_plus_1pct,,5143.23,2026-01-20:UNKNOWN_SELECTION_DATA,2,1,0,1,0,0,0,0.4534978610546180181443772194,0.4467240027286695185938426425
TREND1445_TRAIL,all,strict,delete_best,,9411.18,2026-01-20:UNKNOWN_SELECTION_DATA,2,0,0,0,0,0,0,0,0
OPTION_ACCEL_TARGET,all,strict,primary,,5138.64,2025-10-20:UNKNOWN_SIGNAL,2,1,0,1,0,0,1,0.4539855788540863101120157090,0.4500009563094107221411130166
OPTION_ACCEL_TARGET,all,strict,delay2,,5288.70,2025-10-20:UNKNOWN_SIGNAL,2,1,0,1,0,0,1,0.4380407132793124772876514953,0.4340560907346368893167488030
OPTION_ACCEL_TARGET,all,strict,delay3,,5806.41,2025-10-20:UNKNOWN_SIGNAL,2,1,0,1,0,0,1,0.3830306082765391799965572861,0.3790459857318635920256545938
OPTION_ACCEL_TARGET,all,strict,open_plus_1pct,,5228.68,2025-10-20:UNKNOWN_SIGNAL,2,1,0,1,0,0,1,0.4444182344828172450213469512,0.4404336119381416570504442588
OPTION_ACCEL_TARGET,all,strict,delete_best,,9411.18,2025-10-20:UNKNOWN_SIGNAL,2,0,0,0,0,0,1,0,0
OPTION_ACCEL_TRAIL,all,strict,primary,,5138.64,2025-10-20:UNKNOWN_SIGNAL,2,1,0,1,0,0,1,0.4539855788540863101120157090,0.4500009563094107221411130166
OPTION_ACCEL_TRAIL,all,strict,delay2,,5288.70,2025-10-20:UNKNOWN_SIGNAL,2,1,0,1,0,0,1,0.4380407132793124772876514953,0.4340560907346368893167488030
OPTION_ACCEL_TRAIL,all,strict,delay3,,5806.41,2025-10-20:UNKNOWN_SIGNAL,2,1,0,1,0,0,1,0.3830306082765391799965572861,0.3790459857318635920256545938
OPTION_ACCEL_TRAIL,all,strict,open_plus_1pct,,5228.68,2025-10-20:UNKNOWN_SIGNAL,2,1,0,1,0,0,1,0.4444182344828172450213469512,0.4404336119381416570504442588
OPTION_ACCEL_TRAIL,all,strict,delete_best,,9411.18,2025-10-20:UNKNOWN_SIGNAL,2,0,0,0,0,0,1,0,0
OPTION_ACCEL_OI_TARGET,all,strict,primary,,5288.70,2025-10-20:UNKNOWN_SIGNAL,1,1,0,1,0,0,0,0.4380407132793124772876514953,0.4340560907346368893167488030
OPTION_ACCEL_OI_TARGET,all,strict,delay2,,5806.41,2025-10-20:UNKNOWN_SIGNAL,1,1,0,1,0,0,0,0.3830306082765391799965572861,0.3790459857318635920256545938
OPTION_ACCEL_OI_TARGET,all,strict,delay3,,5843.94,2025-10-20:UNKNOWN_SIGNAL,1,1,0,1,0,0,0,0.3790427980338278515552778716,0.3750581754891522635843751793
OPTION_ACCEL_OI_TARGET,all,strict,open_plus_1pct,,6016.51,2025-10-20:UNKNOWN_SIGNAL,1,1,0,1,0,0,0,0.3607060963662367524582464686,0.3567214738215611644873437762
OPTION_ACCEL_OI_TARGET,all,strict,delete_best,,9411.18,2025-10-20:UNKNOWN_SIGNAL,1,0,0,0,0,0,0,0,0
OPTION_ACCEL_OI_TRAIL,all,strict,primary,,5288.70,2025-10-20:UNKNOWN_SIGNAL,1,1,0,1,0,0,0,0.4380407132793124772876514953,0.4340560907346368893167488030
OPTION_ACCEL_OI_TRAIL,all,strict,delay2,,5806.41,2025-10-20:UNKNOWN_SIGNAL,1,1,0,1,0,0,0,0.3830306082765391799965572861,0.3790459857318635920256545938
OPTION_ACCEL_OI_TRAIL,all,strict,delay3,,5843.94,2025-10-20:UNKNOWN_SIGNAL,1,1,0,1,0,0,0,0.3790427980338278515552778716,0.3750581754891522635843751793
OPTION_ACCEL_OI_TRAIL,all,strict,open_plus_1pct,,6016.51,2025-10-20:UNKNOWN_SIGNAL,1,1,0,1,0,0,0,0.3607060963662367524582464686,0.3567214738215611644873437762
OPTION_ACCEL_OI_TRAIL,all,strict,delete_best,,9411.18,2025-10-20:UNKNOWN_SIGNAL,1,0,0,0,0,0,0,0,0
BLIND_CE_TARGET,all,strict,primary,,9411.18,2025-10-20:UNKNOWN_SELECTION_DATA,3,0,0,0,0,1,1,0,0
BLIND_CE_TARGET,all,strict,delay2,,4234.72,2025-10-20:UNKNOWN_SELECTION_DATA,3,1,0,1,0,0,1,0.5500330458029705095429053530,0.5440561119859571275865513145
BLIND_CE_TARGET,all,strict,delay3,,6715.45,2025-10-20:UNKNOWN_SELECTION_DATA,3,1,0,1,0,0,1,0.2864391075295552736213737278,0.2804621737125418916650196893
BLIND_CE_TARGET,all,strict,open_plus_1pct,,9411.18,2025-10-20:UNKNOWN_SELECTION_DATA,3,0,0,0,0,1,1,0,0
BLIND_CE_TARGET,all,strict,delete_best,,9411.18,2025-10-20:UNKNOWN_SELECTION_DATA,3,0,0,0,0,1,1,0,0
BLIND_CE_TRAIL,all,strict,primary,,9411.18,2025-10-20:UNKNOWN_SELECTION_DATA,3,0,0,0,0,1,1,0,0
BLIND_CE_TRAIL,all,strict,delay2,,4234.72,2025-10-20:UNKNOWN_SELECTION_DATA,3,1,0,1,0,0,1,0.5500330458029705095429053530,0.5440561119859571275865513145
BLIND_CE_TRAIL,all,strict,delay3,,6715.45,2025-10-20:UNKNOWN_SELECTION_DATA,3,1,0,1,0,0,1,0.2864391075295552736213737278,0.2804621737125418916650196893
BLIND_CE_TRAIL,all,strict,open_plus_1pct,,9411.18,2025-10-20:UNKNOWN_SELECTION_DATA,3,0,0,0,0,1,1,0,0
BLIND_CE_TRAIL,all,strict,delete_best,,9411.18,2025-10-20:UNKNOWN_SELECTION_DATA,3,0,0,0,0,1,1,0,0
BLIND_PE_TARGET,all,strict,primary,,9411.18,2025-10-07:UNKNOWN_SELECTION_DATA,1,0,0,0,0,0,0,0,0
BLIND_PE_TARGET,all,strict,delay2,,9411.18,2025-10-07:UNKNOWN_SELECTION_DATA,1,0,0,0,0,0,0,0,0
BLIND_PE_TARGET,all,strict,delay3,,9411.18,2025-10-07:UNKNOWN_SELECTION_DATA,1,0,0,0,0,0,0,0,0
BLIND_PE_TARGET,all,strict,open_plus_1pct,,9411.18,2025-10-07:UNKNOWN_SELECTION_DATA,1,0,0,0,0,0,0,0,0
BLIND_PE_TARGET,all,strict,delete_best,,9411.18,2025-10-07:UNKNOWN_SELECTION_DATA,1,0,0,0,0,0,0,0,0
BLIND_PE_TRAIL,all,strict,primary,,9411.18,2025-10-07:UNKNOWN_SELECTION_DATA,1,0,0,0,0,0,0,0,0
BLIND_PE_TRAIL,all,strict,delay2,,9411.18,2025-10-07:UNKNOWN_SELECTION_DATA,1,0,0,0,0,0,0,0,0
BLIND_PE_TRAIL,all,strict,delay3,,9411.18,2025-10-07:UNKNOWN_SELECTION_DATA,1,0,0,0,0,0,0,0,0
BLIND_PE_TRAIL,all,strict,open_plus_1pct,,9411.18,2025-10-07:UNKNOWN_SELECTION_DATA,1,0,0,0,0,0,0,0,0
BLIND_PE_TRAIL,all,strict,delete_best,,9411.18,2025-10-07:UNKNOWN_SELECTION_DATA,1,0,0,0,0,0,0,0,0
ORB30_TARGET,all,reported,primary,171.88,171.88,,42,13,3,10,2,6,23,0.9937003579741893535756552628,0.9935812409356515097259978251
ORB30_TARGET,all,reported,delay2,166.13,166.13,,42,13,3,10,2,6,23,0.9938963051575541719909736005,0.9937768986190725675785897096
ORB30_TARGET,all,reported,delay3,132.52,132.52,,42,12,2,10,1,11,19,0.9894801768968744567232164050,0.9892221824425644807524229648
ORB30_TARGET,all,reported,open_plus_1pct,200.31,200.31,,42,13,3,10,2,4,25,0.9925605948850050918198855065,0.9924398916419132169679791009
ORB30_TARGET,all,reported,delete_best,291.92,291.92,,42,16,4,12,4,8,17,0.9836286957692135133922562699,0.9848282785230382699986540446
ORB30_TRAIL,all,reported,primary,157.81,157.81,,42,12,1,11,0,7,23,0.9832316457659932123283158966,0.9828863118121213280375043300
ORB30_TRAIL,all,reported,delay2,186.04,186.04,,42,9,0,9,0,6,27,0.9802320219143614297038203498,0.9840306954069521569027475832
ORB30_TRAIL,all,reported,delay3,129.36,129.36,,42,12,1,11,0,11,19,0.9862546460698870917355740725,0.9859093121160152074447625059
ORB30_TRAIL,all,reported,open_plus_1pct,151.44,151.44,,42,11,0,11,0,3,28,0.9839085003155821055383065673,0.9877071738081728327372338006
ORB30_TRAIL,all,reported,delete_best,148.99,148.99,,42,11,0,11,0,7,23,0.9841688289885009106190722099,0.9838234950346290263282606432
LATE_BREAK_TARGET,all,reported,primary,-11.65,-11.65,,42,12,3,9,3,7,23,1.001237889403879215996293770,1.000547221496135447414670636
LATE_BREAK_TARGET,all,reported,delay2,30.74,30.74,,42,12,3,9,3,9,21,0.9967336720793779313539853663,0.9918989967251715512826234330
LATE_BREAK_TARGET,all,reported,delay3,21.37,21.37,,42,7,0,7,0,4,31,0.9977292964325408716016482524,0.9973839624786689873108366857
LATE_BREAK_TARGET,all,reported,open_plus_1pct,-238.66,-238.66,,42,3,1,2,1,1,38,1.015234313910104398392692432,0.8682595054880170050332089659
LATE_BREAK_TARGET,all,reported,delete_best,31.92,31.92,,42,8,1,7,1,7,26,0.9966082892899721395191676283,0.9962629553361002552283560616
LATE_BREAK_TRAIL,all,reported,primary,-11.75,-11.75,,42,9,1,8,0,6,27,1.001248515063998350897549510,1.000557847156254582315926377
LATE_BREAK_TRAIL,all,reported,delay2,-8.86,-8.86,,42,11,1,10,0,8,23,1.000941433486555352251258609,1.000596099532683467960447043
LATE_BREAK_TRAIL,all,reported,delay3,21.37,21.37,,42,7,0,7,0,4,31,0.9977292964325408716016482524,0.9973839624786689873108366857
LATE_BREAK_TRAIL,all,reported,open_plus_1pct,-235.37,-235.37,,42,3,1,2,0,1,38,1.017306859434065622975615101,0.8491059801570757238520244033
LATE_BREAK_TRAIL,all,reported,delete_best,19.09,19.09,,42,8,0,8,0,7,26,0.9979715614832571473502791361,0.9976262275293852630594675694
LATE_FADE_TARGET,all,reported,primary,-13.90,-13.90,,31,8,0,8,0,10,13,1.001476966756559751274547931,1.001131632802687866983736365
LATE_FADE_TARGET,all,reported,delay2,26.05,26.05,,31,8,0,8,0,6,17,0.9972320155389653582228795964,0.9930880080925027467331407964
LATE_FADE_TARGET,all,reported,delay3,-13.77,-13.77,,31,12,0,12,1,3,16,1.001463153398404875902915469,1.001117819444532991612103902
LATE_FADE_TARGET,all,reported,open_plus_1pct,1880.67,1880.67,,31,14,6,8,6,16,1,0.8802700617775879326503159009,0.9074334993061443942204909480
LATE_FADE_TARGET,all,reported,delete_best,-13.90,-13.90,,31,8,0,8,0,10,12,1.001476966756559751274547931,1.001131632802687866983736365
LATE_FADE_TRAIL,all,reported,primary,-13.90,-13.90,,31,8,0,8,0,10,13,1.001476966756559751274547931,1.001131632802687866983736365
LATE_FADE_TRAIL,all,reported,delay2,26.05,26.05,,31,8,0,8,0,6,17,0.9972320155389653582228795964,0.9930880080925027467331407964
LATE_FADE_TRAIL,all,reported,delay3,2.00,2.00,,31,11,0,11,0,3,17,0.9997874867976173019748851897,0.9994421528437454176840736231
LATE_FADE_TRAIL,all,reported,open_plus_1pct,49.92,49.92,,31,14,2,12,0,14,3,0.9946956704685278572931343360,0.9943503365146559730023227693
LATE_FADE_TRAIL,all,reported,delete_best,-13.90,-13.90,,31,8,0,8,0,10,12,1.001476966756559751274547931,1.001131632802687866983736365
TREND1445_TARGET,all,reported,primary,9521.38,9521.38,,3,2,1,1,1,1,0,0.4534978610546180181443772194,0.6167983185955427480932252916
TREND1445_TARGET,all,reported,delay2,9868.32,9868.32,,3,2,1,1,1,1,0,0.4055952601055340563032478393,0.5578322803304155270646188894
TREND1445_TARGET,all,reported,delay3,11068.72,11068.72,,3,2,1,1,1,1,0,0.3310520041057550700337258452,0.4316631920758077095539560395
TREND1445_TARGET,all,reported,open_plus_1pct,9573.31,9573.31,,3,2,1,1,1,1,0,0.4534978610546180181443772194,0.6223310998195762911770893767
TREND1445_TARGET,all,reported,delete_best,5143.23,5143.23,,3,1,0,1,0,1,0,0.4534978610546180181443772194,0.4467240027286695185938426425
TREND1445_TRAIL,all,reported,primary,31436.13,31436.13,,3,2,1,1,0,1,0,0.4534978610546180181443772194,0.6212876599958772438737756583
TREND1445_TRAIL,all,reported,delay2,31990.98,31990.98,,3,2,1,1,0,1,0,0.4055952601055340563032478393,0.5623311848248572442562994226
TREND1445_TRAIL,all,reported,delay3,39889.83,39889.83,,3,2,1,1,0,1,0,0.3310520041057550700337258452,0.4375221810654986941063713583
TREND1445_TRAIL,all,reported,open_plus_1pct,31384.10,31384.10,,3,2,1,1,0,1,0,0.4534978610546180181443772194,0.6268161909558631329971374472
TREND1445_TRAIL,all,reported,delete_best,5143.23,5143.23,,3,1,0,1,0,1,0,0.4534978610546180181443772194,0.4467240027286695185938426425
OPTION_ACCEL_TARGET,all,reported,primary,-0.99,-0.99,,37,8,0,8,0,1,28,1.000105194035179435522431831,0.9997598600813075512316202644
OPTION_ACCEL_TARGET,all,reported,delay2,31.69,31.69,,37,16,3,13,2,11,10,0.9966327283082461497920558315,0.9962873943543742655012442648
OPTION_ACCEL_TARGET,all,reported,delay3,13.43,13.43,,37,23,5,18,3,9,5,0.9985729738460001827613540491,0.9982276398921282984705424825
OPTION_ACCEL_TARGET,all,reported,open_plus_1pct,33.30,33.30,,37,20,6,14,5,8,9,0.9964616551803280778818384092,0.9961163212264561935910268425
OPTION_ACCEL_TARGET,all,reported,delete_best,-4.24,-4.24,,37,8,0,8,0,1,27,1.000450527989051319813243398,1.000105194035179435522431831
OPTION_ACCEL_TRAIL,all,reported,primary,-0.99,-0.99,,37,8,0,8,0,1,28,1.000105194035179435522431831,0.9997598600813075512316202644
OPTION_ACCEL_TRAIL,all,reported,delay2,230.96,230.96,,37,18,1,17,0,16,3,0.9754589753888460320597417114,0.9750902649827120509861675157
OPTION_ACCEL_TRAIL,all,reported,delay3,12.29,12.29,,37,23,2,21,0,9,5,0.9986941063713583206356694910,0.9983487724174864363448579243
OPTION_ACCEL_TRAIL,all,reported,open_plus_1pct,441.14,441.14,,37,23,5,18,0,12,2,0.9805126161748731402853973612,0.9803690472456632243991198562
OPTION_ACCEL_TRAIL,all,reported,delete_best,-4.24,-4.24,,37,8,0,8,0,1,27,1.000450527989051319813243398,1.000105194035179435522431831
OPTION_ACCEL_OI_TARGET,all,reported,primary,28.59,28.59,,29,13,1,12,1,4,12,0.9969621237719393317309837874,0.9966167898180674474401722207
OPTION_ACCEL_OI_TARGET,all,reported,delay2,12.99,12.99,,29,16,2,14,2,6,7,0.9986197267505243763268793074,0.9982743927966524920360677407
OPTION_ACCEL_OI_TARGET,all,reported,delay3,15.27,15.27,,29,19,2,17,2,6,4,0.9983774616998081005782484237,0.9980321277459362162874368570
OPTION_ACCEL_OI_TARGET,all,reported,open_plus_1pct,13.47,13.47,,29,13,1,12,1,4,12,0.9985687235819525288008517529,0.9982233896280806445100401862
OPTION_ACCEL_OI_TARGET,all,reported,delete_best,-13.72,-13.72,,29,11,0,11,0,4,13,1.001457840568345308452287598,1.001112506614473424161476032
OPTION_ACCEL_OI_TRAIL,all,reported,primary,192.48,192.48,,29,15,1,14,0,12,2,0.9859183883987653715846714693,0.9837784926208346105645740071
OPTION_ACCEL_OI_TRAIL,all,reported,delay2,1.65,1.65,,29,18,1,17,0,6,5,0.9998246766080342741292802815,0.9994793426541623898384687149
OPTION_ACCEL_OI_TRAIL,all,reported,delay3,58.89,58.89,,29,18,1,17,0,8,3,0.9937425487558414566504944120,0.9920158789864820351964365786
OPTION_ACCEL_OI_TRAIL,all,reported,open_plus_1pct,210.21,210.21,,29,19,1,18,0,9,1,0.9845819275341059116913598357,0.9841051782308933548481736834
OPTION_ACCEL_OI_TRAIL,all,reported,delete_best,-13.72,-13.72,,29,11,0,11,0,4,13,1.001457840568345308452287598,1.001112506614473424161476032
BLIND_CE_TARGET,all,reported,primary,48.86,48.86,,48,12,3,9,3,20,16,0.9967669426168707895316698682,0.9965518907033388629245869184
BLIND_CE_TARGET,all,reported,delay2,16.62,16.62,,48,11,2,9,1,16,21,0.9982340152881997794112959268,0.9978886813343278951204843601
BLIND_CE_TARGET,all,reported,delay3,47.53,47.53,,48,11,2,9,2,17,20,0.9949496237453751814331465342,0.9942589558376314128515234009
BLIND_CE_TARGET,all,reported,open_plus_1pct,78.06,78.06,,48,25,10,15,10,16,7,0.9948296589204280136312604942,0.9946143936307968458667408504
BLIND_CE_TARGET,all,reported,delete_best,20.45,20.45,,48,9,1,8,1,17,21,0.9978270525056369126932010651,0.9974817185517650284023894984
BLIND_CE_TRAIL,all,reported,primary,25.10,25.10,,48,11,0,11,0,17,20,0.9973329593100971397848091313,0.9969876253562252554939975646
BLIND_CE_TRAIL,all,reported,delay2,21.37,21.37,,48,8,0,8,0,13,27,0.9977292964325408716016482524,0.9973839624786689873108366857
BLIND_CE_TRAIL,all,reported,delay3,6.56,6.56,,48,9,0,9,0,12,27,0.9993029566961847504776234224,0.9989576227423128661868118557
BLIND_CE_TRAIL,all,reported,open_plus_1pct,41.00,41.00,,48,12,0,12,0,9,27,0.9956434793511546904851463897,0.9952981453972828061943348231
BLIND_CE_TRAIL,all,reported,delete_best,42.01,42.01,,48,10,0,10,0,17,20,0.9955361601839514279824634105,0.9945001583223357751100287105
BLIND_PE_TARGET,all,reported,primary,-6.26,-6.26,,48,11,1,10,1,16,21,1.000665166323457844818609356,1.000319832369585960527797789
BLIND_PE_TARGET,all,reported,delay2,19.34,19.34,,48,9,0,9,1,7,32,0.9979449973329593100971397848,0.9975996633790874258063282181
BLIND_PE_TARGET,all,reported,delay3,27.59,27.59,,48,10,1,9,1,7,31,0.9970683803731306807435411925,0.9967230464192587964527296258
BLIND_PE_TARGET,all,reported,open_plus_1pct,-7.29,-7.29,,48,17,3,14,2,11,20,1.000315724646531316506812117,1.000174969488612691177986413
BLIND_PE_TARGET,all,reported,delete_best,-9.87,-9.87,,48,9,0,9,0,17,21,1.001048752653758614753941589,1.000703418699886730463130022
BLIND_PE_TRAIL,all,reported,primary,158.24,158.24,,48,15,2,13,0,28,5,0.9831859554274809322529162124,0.9824952875197371636712930791
BLIND_PE_TRAIL,all,reported,delay2,27.31,27.31,,48,8,0,8,0,7,33,0.9970981322214642584670572659,0.9984794680369517956303035326
BLIND_PE_TRAIL,all,reported,delay3,-8.07,-8.07,,48,10,0,10,0,8,30,1.000857490771614186531338259,1.000512156817742302240526693
BLIND_PE_TRAIL,all,reported,open_plus_1pct,38.03,38.03,,48,11,0,11,0,7,30,0.9959590614566929970524418830,0.9956137275028211127616303163
BLIND_PE_TRAIL,all,reported,delete_best,24.25,24.25,,48,10,0,10,0,17,20,0.9974232774211097864454829256,0.9970779434672379021546713590
