period,quality,strategy,calendar_days,final_bankroll,signals,trades,wins,misses,unknown,max_closed_drawdown,intrabar_mark_drawdown,delay2,delay3,open_plus_1pct,delete_best,conditional_direction_p,adjusted_p
earlier,reported,EXPIRY_FAILED_ORB_TARGET,90,1250.37,7,6,1,1,,0.8690765508005432238892861967,0.8680556500833997355081834354,1652.82,3465.08,1459.68,1103.71,0.91,1.0
earlier,reported,EXPIRY_FAILED_ORB_TRAIL,90,1990.66,7,6,1,1,,0.8437722688046811970453710709,0.8430070852077061443850435252,2808.28,5450.62,1959.68,1065.25,0.856,1.0
earlier,reported,EXPIRY_VWAP_RECLAIM_TARGET,90,6159.28,2,1,0,1,,0.3455358414141478539354257383,0.3420825018754290110273100716,6173.67,6167.17,6069.63,9411.18,0.774,1.0
earlier,reported,EXPIRY_VWAP_RECLAIM_TRAIL,90,6373.68,2,1,0,1,,0.3227544261187226256431180787,0.3189557526261318984441908454,6848.38,6841.88,6744.34,9411.18,0.774,1.0
earlier,reported,EXPIRY_COMPRESSION_BREAK_TARGET,90,9411.18,0,0,0,0,,0,0,9411.18,9411.18,9411.18,9411.18,,
earlier,reported,EXPIRY_COMPRESSION_BREAK_TRAIL,90,9411.18,0,0,0,0,,0,0,9411.18,9411.18,9411.18,9411.18,,
earlier,reported,EXPIRY_PRIOR_OI_WALL_TARGET,90,3019.03,5,3,0,2,,0.6792081333052815906188171940,0.6781721314436659377463824940,5674.38,4762.33,7908.74,4380.22,0.806,1.0
earlier,reported,EXPIRY_PRIOR_OI_WALL_TRAIL,90,4045.61,5,3,0,2,,0.5701272316542665213076362369,0.5687458958387789841443899702,6466.05,5898.37,8179.59,4874.02,0.618,1.0
earlier,reported,ORDINARY_FAILED_ORB_TARGET,90,7600.78,31,6,2,3,,0.4756661757611691626342286515,0.5999545221746901026226254306,7190.66,7125.15,11598.38,5631.90,0.132,1.0
earlier,reported,ORDINARY_FAILED_ORB_TRAIL,90,11763.15,31,5,3,3,,0.4577959405728080857023242569,0.5820842869863290256907210360,10197.01,12192.53,14808.71,5800.08,0.076,1.0
earlier,reported,ORDINARY_VWAP_RECLAIM_TARGET,90,3444.56,24,4,1,3,,0.6339927618003268453052645896,0.6460688245257236605824136825,3500.91,4116.79,3457.49,2812.82,0.428,1.0
earlier,reported,ORDINARY_VWAP_RECLAIM_TRAIL,90,3444.56,24,4,1,3,,0.6339927618003268453052645896,0.6460688245257236605824136825,3500.91,4871.27,3501.59,2812.82,0.402,1.0
earlier,reported,ORDINARY_COMPRESSION_BREAK_TARGET,90,2638.54,5,3,0,1,,0.7196377074925779764067842715,0.7175657037693466706619148715,2801.19,2869.47,2846.61,3474.97,1.0,1.0
earlier,reported,ORDINARY_COMPRESSION_BREAK_TRAIL,90,2638.54,5,3,0,1,,0.7196377074925779764067842715,0.7175657037693466706619148715,2895.39,2963.67,2846.61,3676.39,1.0,1.0
earlier,reported,ORDINARY_PRIOR_OI_WALL_TARGET,90,9411.18,0,0,0,0,,0,0,9411.18,9411.18,9411.18,9411.18,,
earlier,reported,ORDINARY_PRIOR_OI_WALL_TRAIL,90,9411.18,0,0,0,0,,0,0,9411.18,9411.18,9411.18,9411.18,,
recent,reported,EXPIRY_FAILED_ORB_TARGET,90,9411.18,3,0,0,3,,0,0,9411.18,9411.18,17566.28,9411.18,0.134,1.0
recent,reported,EXPIRY_FAILED_ORB_TRAIL,90,9411.18,3,0,0,3,,0,0,9411.18,9411.18,5806.99,9411.18,0.134,1.0
recent,reported,EXPIRY_VWAP_RECLAIM_TARGET,90,2313.18,3,3,0,0,,0.7542093552561952911324616042,0.7528280194407077539692153375,6187.18,5292.83,6561.94,3677.89,1.0,1.0
recent,reported,EXPIRY_VWAP_RECLAIM_TRAIL,90,3367.24,3,3,0,0,,0.6422085222044419509562031541,0.6401365184812106452113337541,29134.45,29268.06,4058.33,3567.51,1.0,1.0
recent,reported,EXPIRY_COMPRESSION_BREAK_TARGET,90,4133.26,3,2,0,1,,0.5608138405598447803569796774,0.5573605010211259374488640107,3917.15,2295.93,6956.06,6299.34,1.0,1.0
recent,reported,EXPIRY_COMPRESSION_BREAK_TRAIL,90,4471.11,3,2,0,1,,0.5249150478473475164644603546,0.5214617083086286735563446879,4014.61,2393.39,6564.84,6637.19,0.368,1.0
recent,reported,EXPIRY_PRIOR_OI_WALL_TARGET,90,9411.18,2,0,0,2,,0,0,9411.18,9411.18,15977.53,9411.18,0.77,1.0
recent,reported,EXPIRY_PRIOR_OI_WALL_TRAIL,90,9411.18,2,0,0,2,,0,0,9411.18,9411.18,11189.56,9411.18,0.3,1.0
recent,reported,ORDINARY_FAILED_ORB_TARGET,90,6801.53,20,11,4,2,,0.5443515053372690778414609008,0.5840649100325357712847910676,6601.47,3702.72,8761.27,3567.66,0.234,1.0
recent,reported,ORDINARY_FAILED_ORB_TRAIL,90,3373.77,20,11,4,2,,0.6415146665986624419042032986,0.6384066610138154832868991986,3342.68,2171.81,2557.12,2294.44,0.492,1.0
recent,reported,ORDINARY_VWAP_RECLAIM_TARGET,90,3531.19,18,8,2,2,,0.6247877524391202803474165833,0.6406731143172269577247486500,3545.68,5095.58,4285.79,2210.25,0.426,1.0
recent,reported,ORDINARY_VWAP_RECLAIM_TRAIL,90,3531.19,18,8,2,2,,0.6247877524391202803474165833,0.6406731143172269577247486500,3545.68,4378.21,4285.79,2210.25,0.392,1.0
recent,reported,ORDINARY_COMPRESSION_BREAK_TARGET,90,3751.91,8,6,0,0,,0.6013347954241657262957461232,0.6717829220140301216213057236,4103.08,4753.87,4190.87,3776.67,0.896,1.0
recent,reported,ORDINARY_COMPRESSION_BREAK_TRAIL,90,3751.91,8,6,0,0,,0.6013347954241657262957461232,0.6717829220140301216213057236,4103.08,4753.87,4190.87,3776.67,0.896,1.0
recent,reported,ORDINARY_PRIOR_OI_WALL_TARGET,90,6901.89,2,2,0,0,,0.2666286268034401637201711156,0.3211913915151978816683986493,7412.34,8500.34,6970.16,7804.54,1.0,1.0
recent,reported,ORDINARY_PRIOR_OI_WALL_TRAIL,90,6901.89,2,2,0,0,,0.2666286268034401637201711156,0.3211913915151978816683986493,7412.34,8500.34,6970.16,7804.54,1.0,1.0
earlier,strict,EXPIRY_FAILED_ORB_TARGET,90,,5,3,1,1,2026-06-02:UNKNOWN_SELECTION_DATA,0.3885035061395398512521478180,0.4189474646112389732212113678,,,,,,
earlier,strict,EXPIRY_FAILED_ORB_TRAIL,90,,5,3,1,1,2026-06-02:UNKNOWN_SELECTION_DATA,0.3974528411463156606006573516,0.4196221940288040394509508903,,,,,,
earlier,strict,EXPIRY_VWAP_RECLAIM_TARGET,90,6159.28,2,1,0,1,,0.3455358414141478539354257383,0.3420825018754290110273100716,6173.67,6167.17,6069.63,9411.18,,
earlier,strict,EXPIRY_VWAP_RECLAIM_TRAIL,90,6373.68,2,1,0,1,,0.3227544261187226256431180787,0.3189557526261318984441908454,6848.38,6841.88,6744.34,9411.18,,
earlier,strict,EXPIRY_COMPRESSION_BREAK_TARGET,90,9411.18,0,0,0,0,,0,0,9411.18,9411.18,9411.18,9411.18,,
earlier,strict,EXPIRY_COMPRESSION_BREAK_TRAIL,90,9411.18,0,0,0,0,,0,0,9411.18,9411.18,9411.18,9411.18,,
earlier,strict,EXPIRY_PRIOR_OI_WALL_TARGET,90,,3,2,0,0,2026-04-28:UNKNOWN_SELECTION_DATA,0.5345727103296292282158029068,0.5328460405602698067617450734,,,,,,
earlier,strict,EXPIRY_PRIOR_OI_WALL_TRAIL,90,,3,2,0,0,2026-04-28:UNKNOWN_SELECTION_DATA,0.4821032006613410858149562542,0.4796858629842378957792752875,,,,,,
earlier,strict,ORDINARY_FAILED_ORB_TARGET,90,,1,0,0,0,2026-04-01:UNKNOWN_SELECTION_DATA,0,0,,,,,,
earlier,strict,ORDINARY_FAILED_ORB_TRAIL,90,,1,0,0,0,2026-04-01:UNKNOWN_SELECTION_DATA,0,0,,,,,,
earlier,strict,ORDINARY_VWAP_RECLAIM_TARGET,90,,1,0,0,0,2026-03-23:UNKNOWN_SELECTION_DATA,0,0,,,,,,
earlier,strict,ORDINARY_VWAP_RECLAIM_TRAIL,90,,1,0,0,0,2026-03-23:UNKNOWN_SELECTION_DATA,0,0,,,,,,
earlier,strict,ORDINARY_COMPRESSION_BREAK_TARGET,90,,1,0,0,0,2026-04-27:UNKNOWN_SELECTION_DATA,0,0,,,,,,
earlier,strict,ORDINARY_COMPRESSION_BREAK_TRAIL,90,,1,0,0,0,2026-04-27:UNKNOWN_SELECTION_DATA,0,0,,,,,,
earlier,strict,ORDINARY_PRIOR_OI_WALL_TARGET,90,9411.18,0,0,0,0,,0,0,9411.18,9411.18,9411.18,9411.18,,
earlier,strict,ORDINARY_PRIOR_OI_WALL_TRAIL,90,9411.18,0,0,0,0,,0,0,9411.18,9411.18,9411.18,9411.18,,
recent,strict,EXPIRY_FAILED_ORB_TARGET,90,9411.18,3,0,0,3,,0,0,9411.18,9411.18,17566.28,9411.18,,
recent,strict,EXPIRY_FAILED_ORB_TRAIL,90,9411.18,3,0,0,3,,0,0,9411.18,9411.18,5806.99,9411.18,,
recent,strict,EXPIRY_VWAP_RECLAIM_TARGET,90,,1,0,0,0,2026-06-30:UNKNOWN_SELECTION_DATA,0,0,,,,,,
recent,strict,EXPIRY_VWAP_RECLAIM_TRAIL,90,,1,0,0,0,2026-06-30:UNKNOWN_SELECTION_DATA,0,0,,,,,,
recent,strict,EXPIRY_COMPRESSION_BREAK_TARGET,90,,1,0,0,0,2026-07-07:UNKNOWN_SELECTION_DATA,0,0,,,,,,
recent,strict,EXPIRY_COMPRESSION_BREAK_TRAIL,90,,1,0,0,0,2026-07-07:UNKNOWN_SELECTION_DATA,0,0,,,,,,
recent,strict,EXPIRY_PRIOR_OI_WALL_TARGET,90,9411.18,2,0,0,2,,0,0,9411.18,9411.18,15977.53,9411.18,,
recent,strict,EXPIRY_PRIOR_OI_WALL_TRAIL,90,9411.18,2,0,0,2,,0,0,9411.18,9411.18,11189.56,9411.18,,
recent,strict,ORDINARY_FAILED_ORB_TARGET,90,,1,0,0,0,2026-06-22:UNKNOWN_SELECTION_DATA,0,0,,,,,,
recent,strict,ORDINARY_FAILED_ORB_TRAIL,90,,1,0,0,0,2026-06-22:UNKNOWN_SELECTION_DATA,0,0,,,,,,
recent,strict,ORDINARY_VWAP_RECLAIM_TARGET,90,,1,0,0,0,2026-06-22:UNKNOWN_SELECTION_DATA,0,0,,,,,,
recent,strict,ORDINARY_VWAP_RECLAIM_TRAIL,90,,1,0,0,0,2026-06-22:UNKNOWN_SELECTION_DATA,0,0,,,,,,
recent,strict,ORDINARY_COMPRESSION_BREAK_TARGET,90,,5,4,0,0,2026-08-03:UNKNOWN_SELECTION_DATA,0.4393572325680732915532377449,0.5757641443474675864238065790,,,,,,
recent,strict,ORDINARY_COMPRESSION_BREAK_TRAIL,90,,5,4,0,0,2026-08-03:UNKNOWN_SELECTION_DATA,0.4393572325680732915532377449,0.5757641443474675864238065790,,,,,,
recent,strict,ORDINARY_PRIOR_OI_WALL_TARGET,90,6901.89,2,2,0,0,,0.2666286268034401637201711156,0.3211913915151978816683986493,7412.34,8500.34,6970.16,7804.54,,
recent,strict,ORDINARY_PRIOR_OI_WALL_TRAIL,90,6901.89,2,2,0,0,,0.2666286268034401637201711156,0.3211913915151978816683986493,7412.34,8500.34,6970.16,7804.54,,
