signal_id,symbol,side,signal_time,event_time,event_url,status,cash_before,contract,expiry,strike,lot,quantity,limit,entry_time,entry_price,exit_time,exit_price,exit_reason,fees,net_pnl,cash_after,premium_multiple,rejected_contracts,error
NONEXPIRY_FORCED_FLOW:NSE_FO|57348|21-07-2026:2026-07-20T13:16:00+05:30,NIFTY,CE,2026-07-20T13:16:00+05:30,,,MODELED_ROUND_TRIP,9411.18,NSE_FO|57348|21-07-2026,2026-07-21,24200.0,65,65,94.45,2026-07-20T13:17:00+05:30,91.5,2026-07-20T15:10:00+05:30,97.10,TIMED_CLOSE,63.41,300.59,9711.77,1.061202185792349726775956284,[],
NONEXPIRY_FORCED_FLOW:NSE_FO|121085|28-07-2026:2026-07-20T14:22:00+05:30,MANAPPURAM,CE,2026-07-20T14:22:00+05:30,,,POSITION_ALREADY_OPEN,9711.77,,,,,,,,,,,,,,,,[],
NONEXPIRY_FORCED_FLOW:NSE_FO|131173|25-08-2026:2026-07-22T12:16:00+05:30,NESTLEIND,PE,2026-07-22T12:16:00+05:30,,,NO_ORDER_UNDER_MODEL,9711.77,,,,,,,,,,,,,,,,"[{""key"":""NSE_FO|131173|25-08-2026"",""reason"":""UNAFFORDABLE_OR_PAST_CAPACITY""}]",
NONEXPIRY_FORCED_FLOW:NSE_FO|152729|25-08-2026:2026-07-28T12:16:00+05:30,VBL,PE,2026-07-28T12:16:00+05:30,,,NO_ORDER_UNDER_MODEL,9711.77,,,,,,,,,,,,,,,,"[{""key"":""NSE_FO|152729|25-08-2026"",""reason"":""UNAFFORDABLE_OR_PAST_CAPACITY""}]",
NONEXPIRY_FORCED_FLOW:NSE_FO|56646|25-08-2026:2026-07-29T11:20:00+05:30,LODHA,CE,2026-07-29T11:20:00+05:30,,,NO_ORDER_UNDER_MODEL,9711.77,,,,,,,,,,,,,,,,"[{""key"":""NSE_FO|56646|25-08-2026"",""reason"":""UNAFFORDABLE_OR_PAST_CAPACITY""}]",
NONEXPIRY_FORCED_FLOW:NSE_FO|65808|04-08-2026:2026-07-30T12:34:00+05:30,NIFTY,CE,2026-07-30T12:34:00+05:30,,,NO_ORDER_UNDER_MODEL,9711.77,,,,,,,,,,,,,,,,"[{""key"":""NSE_FO|65808|04-08-2026"",""reason"":""UNAFFORDABLE_OR_PAST_CAPACITY""}]",
NONEXPIRY_FORCED_FLOW:NSE_FO|124428|25-08-2026:2026-07-30T14:30:00+05:30,M&M,PE,2026-07-30T14:30:00+05:30,,,NO_ORDER_UNDER_MODEL,9711.77,,,,,,,,,,,,,,,,"[{""key"":""NSE_FO|124428|25-08-2026"",""reason"":""UNAFFORDABLE_OR_PAST_CAPACITY""}]",
NONEXPIRY_FORCED_FLOW:NSE_FO|125909|25-08-2026:2026-08-03T10:14:00+05:30,MARUTI,CE,2026-08-03T10:14:00+05:30,,,NO_ORDER_UNDER_MODEL,9711.77,,,,,,,,,,,,,,,,"[{""key"":""NSE_FO|125909|25-08-2026"",""reason"":""UNAFFORDABLE_OR_PAST_CAPACITY""}]",
NONEXPIRY_FORCED_FLOW:NSE_FO|65872|04-08-2026:2026-08-03T12:49:00+05:30,NIFTY,PE,2026-08-03T12:49:00+05:30,,,MODELED_ROUND_TRIP,9711.77,NSE_FO|65872|04-08-2026,2026-08-04,24600.0,65,65,85.85,2026-08-03T12:50:00+05:30,78.95,2026-08-03T15:10:00+05:30,75.0,TIMED_CLOSE,60.47,-317.22,9394.55,0.9499683343888537048765041165,[],
NONEXPIRY_FORCED_FLOW:NSE_FO|133841|25-08-2026:2026-08-03T14:54:00+05:30,PAYTM,PE,2026-08-03T14:54:00+05:30,,,POSITION_ALREADY_OPEN,9394.55,,,,,,,,,,,,,,,,[],
NONEXPIRY_FORCED_FLOW:NSE_FO|122270|25-08-2026:2026-08-04T12:05:00+05:30,MARICO,PE,2026-08-04T12:05:00+05:30,,,NO_ORDER_UNDER_MODEL,9394.55,,,,,,,,,,,,,,,,"[{""key"":""NSE_FO|122270|25-08-2026"",""reason"":""UNAFFORDABLE_OR_PAST_CAPACITY""}]",
NONEXPIRY_FORCED_FLOW:NSE_FO|151396|25-08-2026:2026-08-06T10:29:00+05:30,SWIGGY,CE,2026-08-06T10:29:00+05:30,,,NO_ORDER_UNDER_MODEL,9394.55,,,,,,,,,,,,,,,,"[{""key"":""NSE_FO|151396|25-08-2026"",""reason"":""UNAFFORDABLE_OR_PAST_CAPACITY""}]",
NONEXPIRY_FORCED_FLOW:NSE_FO|147726|25-08-2026:2026-08-06T10:30:00+05:30,SWIGGY,CE,2026-08-06T10:30:00+05:30,,,NO_ORDER_UNDER_MODEL,9394.55,,,,,,,,,,,,,,,,"[{""key"":""NSE_FO|147726|25-08-2026"",""reason"":""UNAFFORDABLE_OR_PAST_CAPACITY""}]",
NONEXPIRY_FORCED_FLOW:NSE_FO|154906|25-08-2026:2026-08-06T13:35:00+05:30,TRENT,CE,2026-08-06T13:35:00+05:30,,,NO_ORDER_UNDER_MODEL,9394.55,,,,,,,,,,,,,,,,"[{""key"":""NSE_FO|154906|25-08-2026"",""reason"":""UNAFFORDABLE_OR_PAST_CAPACITY""}]",
NONEXPIRY_FORCED_FLOW:NSE_FO|154908|25-08-2026:2026-08-06T13:36:00+05:30,TRENT,CE,2026-08-06T13:36:00+05:30,,,NO_ORDER_UNDER_MODEL,9394.55,,,,,,,,,,,,,,,,"[{""key"":""NSE_FO|154908|25-08-2026"",""reason"":""UNAFFORDABLE_OR_PAST_CAPACITY""}]",
NONEXPIRY_FORCED_FLOW:NSE_FO|146096|25-08-2026:2026-08-07T12:54:00+05:30,SONACOMS,CE,2026-08-07T12:54:00+05:30,,,NO_ORDER_UNDER_MODEL,9394.55,,,,,,,,,,,,,,,,"[{""key"":""NSE_FO|146096|25-08-2026"",""reason"":""UNAFFORDABLE_OR_PAST_CAPACITY""}]",
NONEXPIRY_FORCED_FLOW:NSE_FO|76431|25-08-2026:2026-08-10T13:58:00+05:30,BHARATFORG,PE,2026-08-10T13:58:00+05:30,,,NO_ORDER_UNDER_MODEL,9394.55,,,,,,,,,,,,,,,,"[{""key"":""NSE_FO|76431|25-08-2026"",""reason"":""UNAFFORDABLE_OR_PAST_CAPACITY""}]",
NONEXPIRY_FORCED_FLOW:NSE_FO|148214|25-08-2026:2026-08-11T14:45:00+05:30,SIEMENS,CE,2026-08-11T14:45:00+05:30,,,NO_ORDER_UNDER_MODEL,9394.55,,,,,,,,,,,,,,,,"[{""key"":""NSE_FO|148214|25-08-2026"",""reason"":""UNAFFORDABLE_OR_PAST_CAPACITY""}]",
NONEXPIRY_FORCED_FLOW:NSE_FO|92265|25-08-2026:2026-08-12T11:29:00+05:30,FORCEMOT,CE,2026-08-12T11:29:00+05:30,,,NO_ORDER_UNDER_MODEL,9394.55,,,,,,,,,,,,,,,,"[{""key"":""NSE_FO|92265|25-08-2026"",""reason"":""UNAFFORDABLE_OR_PAST_CAPACITY""}]",
NONEXPIRY_FORCED_FLOW:NSE_FO|71925|25-08-2026:2026-08-12T14:58:00+05:30,ASIANPAINT,PE,2026-08-12T14:58:00+05:30,,,NO_ORDER_UNDER_MODEL,9394.55,,,,,,,,,,,,,,,,"[{""key"":""NSE_FO|71925|25-08-2026"",""reason"":""UNAFFORDABLE_OR_PAST_CAPACITY""}]",
NONEXPIRY_FORCED_FLOW:NSE_FO|144219|25-08-2026:2026-08-17T12:47:00+05:30,RELIANCE,CE,2026-08-17T12:47:00+05:30,,,NO_ORDER_UNDER_MODEL,9394.55,,,,,,,,,,,,,,,,"[{""key"":""NSE_FO|144219|25-08-2026"",""reason"":""UNAFFORDABLE_OR_PAST_CAPACITY""}]",
NONEXPIRY_FORCED_FLOW:NSE_FO|46987|01-09-2026:2026-08-31T11:56:00+05:30,NIFTY,CE,2026-08-31T11:56:00+05:30,,,MODELED_LIMIT_MISS,9394.55,NSE_FO|46987|01-09-2026,2026-09-01,24050.0,65,65,128.85,2026-08-31T11:57:00+05:30,,,,,,,,,[],
NONEXPIRY_FORCED_FLOW:NSE_FO|80427:2026-08-31T15:02:00+05:30,ADANIENT,PE,2026-08-31T15:02:00+05:30,,,NO_ORDER_UNDER_MODEL,9394.55,,,,,,,,,,,,,,,,"[{""key"":""NSE_FO|80427"",""reason"":""UNAFFORDABLE_OR_PAST_CAPACITY""}]",
NONEXPIRY_FORCED_FLOW:NSE_FO|62718:2026-09-07T11:19:00+05:30,CHOLAFIN,CE,2026-09-07T11:19:00+05:30,,,NO_ORDER_UNDER_MODEL,9394.55,,,,,,,,,,,,,,,,"[{""key"":""NSE_FO|62718"",""reason"":""UNAFFORDABLE_OR_PAST_CAPACITY""}]",
NONEXPIRY_FORCED_FLOW:NSE_FO|100598:2026-09-09T14:38:00+05:30,DLF,PE,2026-09-09T14:38:00+05:30,,,NO_ORDER_UNDER_MODEL,9394.55,,,,,,,,,,,,,,,,"[{""key"":""NSE_FO|100598"",""reason"":""UNAFFORDABLE_OR_PAST_CAPACITY""}]",
NONEXPIRY_FORCED_FLOW:NSE_FO|100509:2026-09-10T10:51:00+05:30,DIXON,PE,2026-09-10T10:51:00+05:30,,,NO_ORDER_UNDER_MODEL,9394.55,,,,,,,,,,,,,,,,"[{""key"":""NSE_FO|100509"",""reason"":""UNAFFORDABLE_OR_PAST_CAPACITY""}]",
NONEXPIRY_FORCED_FLOW:NSE_FO|87245:2026-09-10T12:54:00+05:30,JUBLFOOD,CE,2026-09-10T12:54:00+05:30,,,NO_ORDER_UNDER_MODEL,9394.55,,,,,,,,,,,,,,,,"[{""key"":""NSE_FO|87245"",""reason"":""UNAFFORDABLE_OR_PAST_CAPACITY""}]",
NONEXPIRY_FORCED_FLOW:NSE_FO|85964:2026-09-16T10:35:00+05:30,JINDALSTEL,CE,2026-09-16T10:35:00+05:30,,,NO_ORDER_UNDER_MODEL,9394.55,,,,,,,,,,,,,,,,"[{""key"":""NSE_FO|85964"",""reason"":""UNAFFORDABLE_OR_PAST_CAPACITY""}]",
NONEXPIRY_FORCED_FLOW:NSE_FO|103473:2026-09-16T12:38:00+05:30,POLICYBZR,CE,2026-09-16T12:38:00+05:30,,,NO_ORDER_UNDER_MODEL,9394.55,,,,,,,,,,,,,,,,"[{""key"":""NSE_FO|103473"",""reason"":""UNAFFORDABLE_OR_PAST_CAPACITY""}]",
NONEXPIRY_FORCED_FLOW:NSE_FO|108668:2026-09-18T10:06:00+05:30,SHREECEM,CE,2026-09-18T10:06:00+05:30,,,NO_ORDER_UNDER_MODEL,9394.55,,,,,,,,,,,,,,,,"[{""key"":""NSE_FO|108668"",""reason"":""UNAFFORDABLE_OR_PAST_CAPACITY""}]",
NONEXPIRY_FORCED_FLOW:NSE_FO|54567:2026-09-18T10:18:00+05:30,APLAPOLLO,CE,2026-09-18T10:18:00+05:30,,,NO_ORDER_UNDER_MODEL,9394.55,,,,,,,,,,,,,,,,"[{""key"":""NSE_FO|54567"",""reason"":""UNAFFORDABLE_OR_PAST_CAPACITY""}]",
NONEXPIRY_FORCED_FLOW:NSE_FO|151018:2026-09-18T10:39:00+05:30,SUPREMEIND,CE,2026-09-18T10:39:00+05:30,,,NO_ORDER_UNDER_MODEL,9394.55,,,,,,,,,,,,,,,,"[{""key"":""NSE_FO|151018"",""reason"":""UNAFFORDABLE_OR_PAST_CAPACITY""}]",
NONEXPIRY_FORCED_FLOW:NSE_FO|81008:2026-09-18T11:08:00+05:30,ICICIPRULI,CE,2026-09-18T11:08:00+05:30,,,NO_ORDER_UNDER_MODEL,9394.55,,,,,,,,,,,,,,,,"[{""key"":""NSE_FO|81008"",""reason"":""UNAFFORDABLE_OR_PAST_CAPACITY""}]",
NONEXPIRY_FORCED_FLOW:NSE_FO|111545:2026-09-18T12:08:00+05:30,TATACONSUM,CE,2026-09-18T12:08:00+05:30,,,NO_ORDER_UNDER_MODEL,9394.55,,,,,,,,,,,,,,,,"[{""key"":""NSE_FO|111545"",""reason"":""UNAFFORDABLE_OR_PAST_CAPACITY""}]",
