deleted_best,final_bankroll,known_session_unavailable,losses,misses,model_drawdown,no_order,no_signal,period,position_or_settlement_busy,quality,resolved_cash,scenario,sessions,signals,strategy,trades,unknown,wins
,8510.94,,12,11,0.1706051729882685259320777987,,,earlier,24,reported,8510.94,primary,59,35,MOMENTUM20_CASH1,24,,12
,9138.09,,10,14,0.1479313435424958800343089541,,1,earlier,22,reported,9138.09,delay3,59,36,MOMENTUM20_CASH1,22,,12
,7929.53,,12,15,0.2110606673407482305358948433,,,earlier,22,reported,7929.53,slippage2,59,37,MOMENTUM20_CASH1,22,,10
1,8370.09,,12,10,0.1695715444511619004797073755,,,earlier,24,reported,8370.09,delete_best,59,35,MOMENTUM20_CASH1,24,,12
,,,,,0,,,earlier,,strict,9411.18,strict,1,1,MOMENTUM20_CASH1,,"['2026-03-23', 'ValueError:UNKNOWN_SOURCE_AUDIT:CASH_VOLUME_MISMATCH']",
,7831.71,,16,4,0.1888254182791105897453879322,2,1,recent,28,reported,7831.71,primary,63,34,MOMENTUM20_CASH1,28,,12
,9339.28,,17,5,0.1402439140402781609414092600,1,1,recent,28,reported,9339.28,delay3,63,34,MOMENTUM20_CASH1,28,,11
,7473.29,,15,11,0.2220932975461100520869859040,2,,recent,25,reported,7473.29,slippage2,63,38,MOMENTUM20_CASH1,25,,10
1,7685.67,,17,5,0.2043431323170951995392713772,2,1,recent,27,reported,7685.67,delete_best,63,35,MOMENTUM20_CASH1,27,,10
,,,,,0,,,recent,,strict,9411.18,strict,1,1,MOMENTUM20_CASH1,,"['2026-06-22', 'ValueError:UNKNOWN_SOURCE_AUDIT:CASH_VOLUME_MISMATCH']",
,11449.95,,2,2,0.0595583128365005509339766989,,3,earlier,45,reported,11449.95,primary,59,11,MOMENTUM20_CASH5,9,,7
,13121.60,,2,1,0.0892869063021507190939603608,,4,earlier,45,reported,13121.60,delay3,59,10,MOMENTUM20_CASH5,9,,7
,11568.23,,2,7,0.0832724147553641161898468276,,4,earlier,40,reported,11568.23,slippage2,59,15,MOMENTUM20_CASH5,8,,6
1,11321.15,,2,6,0.0832253815196408156696175925,,4,earlier,40,reported,11321.15,delete_best,59,15,MOMENTUM20_CASH5,8,,6
,,,,,0,,,earlier,,strict,9411.18,strict,1,1,MOMENTUM20_CASH5,,"['2026-03-23', 'ValueError:UNKNOWN_SOURCE_AUDIT:CASH_VOLUME_MISMATCH']",
,8393.67,,6,3,0.1447119277285101336920556190,1,5,recent,45,reported,8393.67,primary,63,13,MOMENTUM20_CASH5,9,,3
,8918.86,,4,2,0.1158887620893448005457339037,2,5,recent,45,reported,8918.86,delay3,63,13,MOMENTUM20_CASH5,9,,5
,8761.74,,6,3,0.1596740421821896313173280557,1,5,recent,45,reported,8761.74,slippage2,63,13,MOMENTUM20_CASH5,9,,3
1,7551.56,,7,2,0.2341916741577570506567720520,1,5,recent,45,reported,7551.56,delete_best,63,13,MOMENTUM20_CASH5,9,,2
,,,,,0,,,recent,,strict,9411.18,strict,1,1,MOMENTUM20_CASH5,,"['2026-06-22', 'ValueError:UNKNOWN_SOURCE_AUDIT:CASH_VOLUME_MISMATCH']",
,8402.74,,14,5,0.1273475628672051553579484569,2,,earlier,26,reported,8402.74,primary,59,33,SMOOTH_MOMENTUM_CASH1,26,,12
,9193.13,,10,8,0.0694753430217891634493504984,2,1,earlier,24,reported,9193.13,delay3,59,34,SMOOTH_MOMENTUM_CASH1,24,,14
,8715.79,,12,8,0.0933581123727311559230617202,2,1,earlier,24,reported,8715.79,slippage2,59,34,SMOOTH_MOMENTUM_CASH1,24,,12
1,7791.12,,15,6,0.1823108260600689817854934238,2,,earlier,25,reported,7791.12,delete_best,59,34,SMOOTH_MOMENTUM_CASH1,25,,10
,,,,,0,,,earlier,,strict,9411.18,strict,1,1,SMOOTH_MOMENTUM_CASH1,,"['2026-03-23', 'ValueError:UNKNOWN_SOURCE_AUDIT:CASH_VOLUME_MISMATCH']",
,7074.94,,21,2,0.2669689770304091772537025964,5,,recent,28,reported,7074.94,primary,63,35,SMOOTH_MOMENTUM_CASH1,28,,7
,6551.67,,22,4,0.3227890203211836309508071894,5,,recent,27,reported,6551.67,delay3,63,36,SMOOTH_MOMENTUM_CASH1,27,,5
,6416.96,,21,8,0.3333290830692856793728310371,5,,recent,25,reported,6416.96,slippage2,63,38,SMOOTH_MOMENTUM_CASH1,25,,4
1,6788.08,,21,3,0.2973262994142516231103397552,5,,recent,27,reported,6788.08,delete_best,63,36,SMOOTH_MOMENTUM_CASH1,27,,6
,,,,,0,,,recent,,strict,9411.18,strict,1,1,SMOOTH_MOMENTUM_CASH1,,"['2026-06-22', 'ValueError:UNKNOWN_SOURCE_AUDIT:CASH_VOLUME_MISMATCH']",
,10312.10,,3,1,0.0557446710237638853606152283,,4,earlier,45,reported,10312.10,primary,59,10,SMOOTH_MOMENTUM_CASH5,9,,6
,10074.08,,5,1,0.0541710996670068315907283017,,4,earlier,45,reported,10074.08,delay3,59,10,SMOOTH_MOMENTUM_CASH5,9,,4
,10163.03,,4,1,0.0544501327144948879949166842,,4,earlier,45,reported,10163.03,slippage2,59,10,SMOOTH_MOMENTUM_CASH5,9,,5
1,9140.06,,4,1,0.1186304920261522409496903689,,3,earlier,45,reported,9140.06,delete_best,59,11,SMOOTH_MOMENTUM_CASH5,9,,5
,,,,,0,,,earlier,,strict,9411.18,strict,1,1,SMOOTH_MOMENTUM_CASH5,,"['2026-03-23', 'ValueError:UNKNOWN_SOURCE_AUDIT:CASH_VOLUME_MISMATCH']",
,8979.16,,6,2,0.1355934852911004074135589577,2,5,recent,45,reported,8979.16,primary,63,13,SMOOTH_MOMENTUM_CASH5,9,,3
,9181.95,,6,2,0.1182788889646639322701012246,2,5,recent,45,reported,9181.95,delay3,63,13,SMOOTH_MOMENTUM_CASH5,9,,3
,8995.56,,7,3,0.1163965191613473905663534868,1,5,recent,45,reported,8995.56,slippage2,63,13,SMOOTH_MOMENTUM_CASH5,9,,2
1,9519.25,,6,1,0.1158954590485490358603736201,2,5,recent,45,reported,9519.25,delete_best,63,13,SMOOTH_MOMENTUM_CASH5,9,,3
,,,,,0,,,recent,,strict,9411.18,strict,1,1,SMOOTH_MOMENTUM_CASH5,,"['2026-06-22', 'ValueError:UNKNOWN_SOURCE_AUDIT:CASH_VOLUME_MISMATCH']",
,8598.39,,11,1,0.1815221010164313272360509978,,16,earlier,21,reported,8598.39,primary,59,22,TREND_DIP_CASH1,21,,10
,8417.30,,12,,0.1994037977400909427997111688,,15,earlier,22,reported,8417.30,delay3,59,22,TREND_DIP_CASH1,22,,10
,8309.51,,13,2,0.2025350386010970319432208117,,15,earlier,21,reported,8309.51,slippage2,59,23,TREND_DIP_CASH1,21,,8
1,8197.34,,11,1,0.1895592252271704170239809668,,17,earlier,20,reported,8197.34,delete_best,59,22,TREND_DIP_CASH1,20,,9
,,,,,0,,,earlier,,strict,9411.18,strict,1,1,TREND_DIP_CASH1,,"['2026-03-23', 'ValueError:UNKNOWN_SOURCE_AUDIT:CASH_VOLUME_MISMATCH']",
,8980.02,,16,3,0.0808867750909025223191990802,2,10,recent,24,reported,8980.02,primary,63,29,TREND_DIP_CASH1,24,,8
,9252.59,,14,6,0.0893777400921032219126613241,2,11,recent,22,reported,9252.59,delay3,63,30,TREND_DIP_CASH1,22,,8
,8420.02,,16,6,0.1186524962863317883623520111,2,11,recent,22,reported,8420.02,slippage2,63,30,TREND_DIP_CASH1,22,,6
1,8770.67,,15,3,0.0829694044742529629653242208,2,11,recent,23,reported,8770.67,delete_best,63,29,TREND_DIP_CASH1,23,,8
,,,,,0,,,recent,,strict,9411.18,strict,1,1,TREND_DIP_CASH1,,"['2026-06-22', 'ValueError:UNKNOWN_SOURCE_AUDIT:CASH_VOLUME_MISMATCH']",
,10295.67,,4,,0.0508836250511820102881723669,,5,earlier,45,reported,10295.67,primary,59,9,TREND_DIP_CASH5,9,,5
,10328.57,,4,,0.0503255180830341007768311859,,5,earlier,45,reported,10328.57,delay3,59,9,TREND_DIP_CASH5,9,,5
,10591.26,,4,1,0.0800272739330097372569580129,,4,earlier,45,reported,10591.26,slippage2,59,10,TREND_DIP_CASH5,9,,5
1,10743.86,,3,,0.0766103723791641397355395539,,4,earlier,45,reported,10743.86,delete_best,59,10,TREND_DIP_CASH5,9,,6
,,,,,0,,,earlier,,strict,9411.18,strict,1,1,TREND_DIP_CASH5,,"['2026-03-23', 'ValueError:UNKNOWN_SOURCE_AUDIT:CASH_VOLUME_MISMATCH']",
,9068.58,,4,2,0.1198500081817582917338739669,,7,recent,45,reported,9068.58,primary,63,11,TREND_DIP_CASH5,9,,5
,8491.74,,5,4,0.1225510509840423836330832053,2,9,recent,40,reported,8491.74,delay3,63,14,TREND_DIP_CASH5,8,,3
,8948.28,,4,2,0.1234096043216684836545470387,,7,recent,45,reported,8948.28,slippage2,63,11,TREND_DIP_CASH5,9,,5
1,8659.70,,4,2,0.1198500081817582917338739669,1,11,recent,40,reported,8659.70,delete_best,63,12,TREND_DIP_CASH5,8,,4
,,,,,0,,,recent,,strict,9411.18,strict,1,1,TREND_DIP_CASH5,,"['2026-06-22', 'ValueError:UNKNOWN_SOURCE_AUDIT:CASH_VOLUME_MISMATCH']",
,10511.07,,11,5,0.1250270109319834956825045727,2,8,earlier,22,reported,10511.07,primary,59,29,VOLUME_BREAKOUT_CASH1,22,,11
,9373.58,,12,4,0.1894729773668659965788766841,3,8,earlier,22,reported,9373.58,delay3,59,29,VOLUME_BREAKOUT_CASH1,22,,10
,10300.96,,10,8,0.1224980794060395293156955057,1,8,earlier,21,reported,10300.96,slippage2,59,30,VOLUME_BREAKOUT_CASH1,21,,11
1,9502.60,,11,6,0.1890765715700401604325157412,2,8,earlier,21,reported,9502.60,delete_best,59,30,VOLUME_BREAKOUT_CASH1,21,,10
,,,,,0,,6,earlier,,strict,9411.18,strict,7,1,VOLUME_BREAKOUT_CASH1,,"['2026-04-02', 'ValueError:UNKNOWN_SOURCE_AUDIT:CASH_VOLUME_MISMATCH']",
,7707.15,,20,4,0.2067231609308409681906939036,2,1,recent,28,reported,7707.15,primary,63,34,VOLUME_BREAKOUT_CASH1,28,,8
,7717.94,,19,5,0.2054732861275901198162109977,1,1,recent,28,reported,7717.94,delay3,63,34,VOLUME_BREAKOUT_CASH1,28,,9
,6604.10,,19,6,0.3122700872791722185740789147,2,1,recent,27,reported,6604.10,slippage2,63,35,VOLUME_BREAKOUT_CASH1,27,,8
1,7593.54,,20,3,0.2104560745836335082316988943,2,1,recent,28,reported,7593.54,delete_best,63,34,VOLUME_BREAKOUT_CASH1,28,,8
,,,,,0,,,recent,,strict,9411.18,strict,1,1,VOLUME_BREAKOUT_CASH1,,"['2026-06-22', 'ValueError:UNKNOWN_SOURCE_AUDIT:CASH_VOLUME_MISMATCH']",
,9459.87,,3,,0.1688315057904003893668494210,,7,earlier,43,reported,9459.87,primary,59,9,VOLUME_BREAKOUT_CASH5,9,,6
,10069.47,,2,1,0.1358109794080002010551806714,1,9,earlier,40,reported,10069.47,delay3,59,10,VOLUME_BREAKOUT_CASH5,8,,6
,9350.08,,3,,0.1726341306160526311050118773,,7,earlier,43,reported,9350.08,slippage2,59,9,VOLUME_BREAKOUT_CASH5,9,,6
1,10956.83,,5,1,0.1122896030464852597111858691,1,8,earlier,40,reported,10956.83,delete_best,59,11,VOLUME_BREAKOUT_CASH5,8,,3
,,,,,0,,6,earlier,,strict,9411.18,strict,7,1,VOLUME_BREAKOUT_CASH5,,"['2026-04-02', 'ValueError:UNKNOWN_SOURCE_AUDIT:CASH_VOLUME_MISMATCH']",
,9303.92,,5,2,0.1885449427449079756755855016,1,,recent,50,reported,9303.92,primary,63,13,VOLUME_BREAKOUT_CASH5,10,,5
,10854.29,,2,3,0.1060560828477898334397068209,1,5,recent,45,reported,10854.29,delay3,63,13,VOLUME_BREAKOUT_CASH5,9,,7
,9156.53,,5,2,0.1931562722356466823861335517,1,,recent,50,reported,9156.53,slippage2,63,13,VOLUME_BREAKOUT_CASH5,10,,5
1,9608.06,,3,2,0.1221475448421626391386340615,1,5,recent,45,reported,9608.06,delete_best,63,13,VOLUME_BREAKOUT_CASH5,9,,6
,,,,,0,,,recent,,strict,9411.18,strict,1,1,VOLUME_BREAKOUT_CASH5,,"['2026-06-22', 'ValueError:UNKNOWN_SOURCE_AUDIT:CASH_VOLUME_MISMATCH']",
,9781.67,1,12,1,0.1258797436300448822060390143,1,10,earlier,23,reported,9781.67,primary,59,25,OI_SQUEEZE_CASH1,23,,11
,9566.35,1,11,5,0.1196215246245280207855897712,1,12,earlier,20,reported,9566.35,delay3,59,26,OI_SQUEEZE_CASH1,20,,9
,9351.02,1,11,4,0.1395679980012604832854468657,1,13,earlier,20,reported,9351.02,slippage2,59,25,OI_SQUEEZE_CASH1,20,,9
1,9321.74,1,11,1,0.1457637649948205768783566292,1,11,earlier,22,reported,9321.74,delete_best,59,25,OI_SQUEEZE_CASH1,22,,11
,,,,,0,,,earlier,,strict,9411.18,strict,1,1,OI_SQUEEZE_CASH1,,"['2026-03-23', 'ValueError:UNKNOWN_SOURCE_AUDIT:CASH_VOLUME_MISMATCH']",
,6822.20,,18,3,0.2807065638952819943939017211,4,12,recent,22,reported,6822.20,primary,63,29,OI_SQUEEZE_CASH1,22,,4
,7504.03,,16,4,0.2089589190728474006447650560,4,13,recent,21,reported,7504.03,delay3,63,29,OI_SQUEEZE_CASH1,21,,5
,6642.20,,17,4,0.2991527098621001829738672515,4,11,recent,22,reported,6642.20,slippage2,63,30,OI_SQUEEZE_CASH1,22,,5
1,6659.08,,18,3,0.2980391406816148453222656458,5,12,recent,21,reported,6659.08,delete_best,63,30,OI_SQUEEZE_CASH1,21,,3
,,,,,0,,,recent,,strict,9411.18,strict,1,1,OI_SQUEEZE_CASH1,,"['2026-06-22', 'ValueError:UNKNOWN_SOURCE_AUDIT:CASH_VOLUME_MISMATCH']",
,10342.25,1,4,,0.1552137040600899050682905111,,10,earlier,40,reported,10342.25,primary,59,8,OI_SQUEEZE_CASH5,8,,4
,9603.43,,4,4,0.0825130769562695075585046962,,7,earlier,40,reported,9603.43,delay3,59,12,OI_SQUEEZE_CASH5,8,,4
,9066.07,,5,2,0.1579276538887963839127980409,,9,earlier,40,reported,9066.07,slippage2,59,10,OI_SQUEEZE_CASH5,8,,3
1,9896.07,1,4,,0.1552137040600899050682905111,,9,earlier,40,reported,9896.07,delete_best,59,9,OI_SQUEEZE_CASH5,8,,4
,,,,,0,,,earlier,,strict,9411.18,strict,1,1,OI_SQUEEZE_CASH5,,"['2026-03-23', 'ValueError:UNKNOWN_SOURCE_AUDIT:CASH_VOLUME_MISMATCH']",
,10949.47,,4,1,0.0990082160587623994588855842,,8,recent,45,reported,10949.47,primary,63,10,OI_SQUEEZE_CASH5,9,,5
,9570.65,,5,3,0.1901924875077095646773337508,1,5,recent,45,reported,9570.65,delay3,63,13,OI_SQUEEZE_CASH5,9,,4
,10803.67,,4,1,0.1025062920833438600678996159,,8,recent,45,reported,10803.67,slippage2,63,10,OI_SQUEEZE_CASH5,9,,5
1,8552.35,,5,3,0.2016239768128290174360222743,,5,recent,45,reported,8552.35,delete_best,63,13,OI_SQUEEZE_CASH5,9,,4
,,,,,0,,,recent,,strict,9411.18,strict,1,1,OI_SQUEEZE_CASH5,,"['2026-06-22', 'ValueError:UNKNOWN_SOURCE_AUDIT:CASH_VOLUME_MISMATCH']",
,9520.21,,8,4,0.1840550076245969670855733645,3,24,earlier,14,reported,9520.21,primary,59,21,OI_BUILD_CASH1,14,,6
,8793.29,,8,5,0.2092129875256449489636090705,3,25,earlier,13,reported,8793.29,delay3,59,21,OI_BUILD_CASH1,13,,5
,10290.11,,6,6,0.1102001305294326349862681285,3,26,earlier,12,reported,10290.11,slippage2,59,21,OI_BUILD_CASH1,12,,6
1,9019.69,,8,5,0.1758337372602076996586779588,3,24,earlier,13,reported,9019.69,delete_best,59,22,OI_BUILD_CASH1,13,,5
,,,,,0,,5,earlier,,strict,9411.18,strict,6,1,OI_BUILD_CASH1,,"['2026-04-01', 'ValueError:UNKNOWN_SOURCE_AUDIT:CASH_VOLUME_MISMATCH']",
,7775.91,,13,2,0.2007879154774103830938375883,,27,recent,17,reported,7775.91,primary,63,19,OI_BUILD_CASH1,17,,4
,8088.25,,12,4,0.1549537840455441593000792990,,27,recent,16,reported,8088.25,delay3,63,20,OI_BUILD_CASH1,16,,4
,7629.23,,12,5,0.2053464851521243242680221234,,28,recent,15,reported,7629.23,slippage2,63,20,OI_BUILD_CASH1,15,,3
1,7743.98,,13,3,0.2001755817436299976244822921,,27,recent,16,reported,7743.98,delete_best,63,20,OI_BUILD_CASH1,16,,3
,,,,,0,,6,recent,,strict,9411.18,strict,7,1,OI_BUILD_CASH1,,"['2026-07-01', 'ValueError:UNKNOWN_SOURCE_AUDIT:CASH_VOLUME_MISMATCH']",
,8959.80,,3,2,0.1594260462240488713116156407,1,20,earlier,30,reported,8959.80,primary,59,9,OI_BUILD_CASH5,6,,3
,8657.75,,3,1,0.1694151083293499640249360582,1,21,earlier,30,reported,8657.75,delay3,59,8,OI_BUILD_CASH5,6,,3
,8880.20,,3,2,0.1624593500220380862306639639,1,20,earlier,30,reported,8880.20,slippage2,59,9,OI_BUILD_CASH5,6,,3
1,8434.71,,3,1,0.1751125286761785371622263820,1,20,earlier,30,reported,8434.71,delete_best,59,9,OI_BUILD_CASH5,6,,3
,,,,,0,,5,earlier,,strict,9411.18,strict,6,1,OI_BUILD_CASH5,,"['2026-04-01', 'ValueError:UNKNOWN_SOURCE_AUDIT:CASH_VOLUME_MISMATCH']",
,8598.53,,4,1,0.1002784926742480909094750899,,14,recent,40,reported,8598.53,primary,63,9,OI_BUILD_CASH5,8,,4
,8489.42,,4,2,0.1128315082398276273221668140,,13,recent,40,reported,8489.42,delay3,63,10,OI_BUILD_CASH5,8,,4
,7129.17,,7,3,0.2488540225561513008995683857,,18,recent,35,reported,7129.17,slippage2,63,10,OI_BUILD_CASH5,7,,
1,7630.07,,6,1,0.1970220524950112525740661639,,13,recent,40,reported,7630.07,delete_best,63,10,OI_BUILD_CASH5,8,,2
,,,,,0,,6,recent,,strict,9411.18,strict,7,1,OI_BUILD_CASH5,,"['2026-07-01', 'ValueError:UNKNOWN_SOURCE_AUDIT:CASH_VOLUME_MISMATCH']",
,,,,,0,3,,earlier,,reported,9411.18,primary,4,4,MOMENTUM20_CALL5,,"['2026-03-27', 'ValueError:UNKNOWN_DECISION_BARS']",
,,,,,0,3,,earlier,,reported,9411.18,delay3,4,4,MOMENTUM20_CALL5,,"['2026-03-27', 'ValueError:UNKNOWN_DECISION_BARS']",
,,,,,0,3,,earlier,,reported,9411.18,slippage2,4,4,MOMENTUM20_CALL5,,"['2026-03-27', 'ValueError:UNKNOWN_DECISION_BARS']",
,,,,,0,3,,earlier,,reported,9411.18,delete_best,4,4,MOMENTUM20_CALL5,,"['2026-03-27', 'ValueError:UNKNOWN_DECISION_BARS']",
,,,,,0,,,earlier,,strict,9411.18,strict,1,1,MOMENTUM20_CALL5,,"['2026-03-23', 'ValueError:UNKNOWN_SOURCE_AUDIT:OFF_TICK']",
,,,,,0,4,,recent,,reported,9411.18,primary,5,5,MOMENTUM20_CALL5,,"['2026-06-29', 'ValueError:MISSING_EXACT_METADATA:NSE_FO|36345|28-07-2026']",
,,,,,0,4,,recent,,reported,9411.18,delay3,5,5,MOMENTUM20_CALL5,,"['2026-06-29', 'ValueError:MISSING_EXACT_METADATA:NSE_FO|36345|28-07-2026']",
,,,,,0,4,,recent,,reported,9411.18,slippage2,5,5,MOMENTUM20_CALL5,,"['2026-06-29', 'ValueError:MISSING_EXACT_METADATA:NSE_FO|36345|28-07-2026']",
,,,,,0,4,,recent,,reported,9411.18,delete_best,5,5,MOMENTUM20_CALL5,,"['2026-06-29', 'ValueError:MISSING_EXACT_METADATA:NSE_FO|36345|28-07-2026']",
,,,,,0,,,recent,,strict,9411.18,strict,1,1,MOMENTUM20_CALL5,,"['2026-06-22', 'ValueError:UNKNOWN_SOURCE_AUDIT:VOLUME_MISMATCH']",
,,,,,0,4,,earlier,,reported,9411.18,primary,5,5,SMOOTH_MOMENTUM_CALL5,,"['2026-03-30', 'ValueError:UNKNOWN_DECISION_BARS']",
,,,,,0,4,,earlier,,reported,9411.18,delay3,5,5,SMOOTH_MOMENTUM_CALL5,,"['2026-03-30', 'ValueError:UNKNOWN_DECISION_BARS']",
,,,,,0,4,,earlier,,reported,9411.18,slippage2,5,5,SMOOTH_MOMENTUM_CALL5,,"['2026-03-30', 'ValueError:UNKNOWN_DECISION_BARS']",
,,,,,0,4,,earlier,,reported,9411.18,delete_best,5,5,SMOOTH_MOMENTUM_CALL5,,"['2026-03-30', 'ValueError:UNKNOWN_DECISION_BARS']",
,,,,,0,,,earlier,,strict,9411.18,strict,1,1,SMOOTH_MOMENTUM_CALL5,,"['2026-03-23', 'ValueError:UNKNOWN_SOURCE_AUDIT:VOLUME_MISMATCH,OFF_TICK']",
,5422.13,,1,2,0.4238628949823507785421169290,52,5,recent,3,reported,5422.13,primary,63,55,SMOOTH_MOMENTUM_CALL5,1,,
,9411.18,,,4,0,54,5,recent,,reported,9411.18,delay3,63,58,SMOOTH_MOMENTUM_CALL5,,,
,5382.14,,1,2,0.4281120964639928255542875601,52,5,recent,3,reported,5382.14,slippage2,63,55,SMOOTH_MOMENTUM_CALL5,1,,
,5422.13,,1,2,0.4238628949823507785421169290,52,5,recent,3,reported,5422.13,delete_best,63,55,SMOOTH_MOMENTUM_CALL5,1,,
,,,,,0,3,,recent,,strict,9411.18,strict,4,4,SMOOTH_MOMENTUM_CALL5,,"['2026-06-25', 'ValueError:UNKNOWN_SOURCE_AUDIT:VOLUME_MISMATCH']",
,,,,2,0,19,11,earlier,,reported,9411.18,primary,33,22,TREND_DIP_CALL5,,"['2026-05-13', 'ValueError:MISSING_EXACT_METADATA:NSE_FO|110817|30-06-2026']",
,,,1,,0.4036645776618872447450797881,17,11,earlier,3,reported,6015.97,delay3,33,19,TREND_DIP_CALL5,1,"['2026-05-13', 'ValueError:MISSING_EXACT_METADATA:NSE_FO|110817|30-06-2026']",
,,,,2,0,19,11,earlier,,reported,9411.18,slippage2,33,22,TREND_DIP_CALL5,,"['2026-05-13', 'ValueError:MISSING_EXACT_METADATA:NSE_FO|110817|30-06-2026']",
,,,,2,0,19,11,earlier,,reported,9411.18,delete_best,33,22,TREND_DIP_CALL5,,"['2026-05-13', 'ValueError:MISSING_EXACT_METADATA:NSE_FO|110817|30-06-2026']",
,,,,,0,,,earlier,,strict,9411.18,strict,1,1,TREND_DIP_CALL5,,"['2026-03-23', 'ValueError:UNKNOWN_SOURCE_AUDIT:OFF_TICK']",
,,,,,0,1,1,recent,,reported,9411.18,primary,3,2,TREND_DIP_CALL5,,"['2026-06-24', 'ValueError:UNKNOWN_DECISION_BARS']",
,,,,,0,1,1,recent,,reported,9411.18,delay3,3,2,TREND_DIP_CALL5,,"['2026-06-24', 'ValueError:UNKNOWN_DECISION_BARS']",
,,,,,0,1,1,recent,,reported,9411.18,slippage2,3,2,TREND_DIP_CALL5,,"['2026-06-24', 'ValueError:UNKNOWN_DECISION_BARS']",
,,,,,0,1,1,recent,,reported,9411.18,delete_best,3,2,TREND_DIP_CALL5,,"['2026-06-24', 'ValueError:UNKNOWN_DECISION_BARS']",
,,,,,0,1,1,recent,,strict,9411.18,strict,3,2,TREND_DIP_CALL5,,"['2026-06-24', 'ValueError:UNKNOWN_SOURCE_AUDIT:VOLUME_MISMATCH']",
,,,,,0,,6,earlier,,reported,9411.18,primary,7,1,VOLUME_BREAKOUT_CALL5,,"['2026-04-02', 'ValueError:UNKNOWN_EXIT_CAPACITY']",
,,,,1,0,6,6,earlier,,reported,9411.18,delay3,14,8,VOLUME_BREAKOUT_CALL5,,"['2026-04-15', 'ValueError:MISSING_EXACT_METADATA:NSE_FO|95542|26-05-2026']",
,,,,,0,,6,earlier,,reported,9411.18,slippage2,7,1,VOLUME_BREAKOUT_CALL5,,"['2026-04-02', 'ValueError:UNKNOWN_EXIT_CAPACITY']",
,,,,,0,,6,earlier,,reported,9411.18,delete_best,7,1,VOLUME_BREAKOUT_CALL5,,"['2026-04-02', 'ValueError:UNKNOWN_EXIT_CAPACITY']",
,,,,,0,,6,earlier,,strict,9411.18,strict,7,1,VOLUME_BREAKOUT_CALL5,,"['2026-04-02', 'ValueError:UNKNOWN_SOURCE_AUDIT:VOLUME_MISMATCH']",
,,,,,0,4,,recent,,reported,9411.18,primary,5,5,VOLUME_BREAKOUT_CALL5,,"['2026-06-29', 'ValueError:MISSING_EXACT_METADATA:NSE_FO|36345|28-07-2026']",
,,,,,0,4,,recent,,reported,9411.18,delay3,5,5,VOLUME_BREAKOUT_CALL5,,"['2026-06-29', 'ValueError:MISSING_EXACT_METADATA:NSE_FO|36345|28-07-2026']",
,,,,,0,4,,recent,,reported,9411.18,slippage2,5,5,VOLUME_BREAKOUT_CALL5,,"['2026-06-29', 'ValueError:MISSING_EXACT_METADATA:NSE_FO|36345|28-07-2026']",
,,,,,0,4,,recent,,reported,9411.18,delete_best,5,5,VOLUME_BREAKOUT_CALL5,,"['2026-06-29', 'ValueError:MISSING_EXACT_METADATA:NSE_FO|36345|28-07-2026']",
,,,,,0,1,,recent,,strict,9411.18,strict,2,2,VOLUME_BREAKOUT_CALL5,,"['2026-06-23', 'ValueError:UNKNOWN_SOURCE_AUDIT:VOLUME_MISMATCH']",
,7536.03,1,1,2,0.2773456675995996251267109969,30,24,earlier,1,reported,7536.03,primary,59,33,OI_SQUEEZE_CALL5,1,,
,7396.01,1,1,2,0.2885047358567150984254896835,30,24,earlier,1,reported,7396.01,delay3,59,33,OI_SQUEEZE_CALL5,1,,
,7501.04,1,1,2,0.2773446050335877116365854229,30,24,earlier,1,reported,7501.04,slippage2,59,33,OI_SQUEEZE_CALL5,1,,
,7536.03,1,1,2,0.2773456675995996251267109969,30,24,earlier,1,reported,7536.03,delete_best,59,33,OI_SQUEEZE_CALL5,1,,
,,,,,0,,,earlier,,strict,9411.18,strict,1,1,OI_SQUEEZE_CALL5,,"['2026-03-23', 'ValueError:UNKNOWN_SOURCE_AUDIT:OFF_TICK']",
,,,1,,0.3737342182383080548879099114,10,1,recent,3,reported,6133.90,primary,16,12,OI_SQUEEZE_CALL5,1,"['2026-07-14', 'ValueError:MISSING_EXACT_METADATA:NSE_FO|43653|25-08-2026']",
,,,,1,0,11,3,recent,,reported,9411.18,delay3,16,13,OI_SQUEEZE_CALL5,,"['2026-07-14', 'ValueError:MISSING_EXACT_METADATA:NSE_FO|43653|25-08-2026']",
,,,1,,0.3737331556722961413977843374,10,1,recent,3,reported,6093.91,slippage2,16,12,OI_SQUEEZE_CALL5,1,"['2026-07-14', 'ValueError:MISSING_EXACT_METADATA:NSE_FO|43653|25-08-2026']",
,,,1,,0.3737342182383080548879099114,10,1,recent,3,reported,6133.90,delete_best,16,12,OI_SQUEEZE_CALL5,1,"['2026-07-14', 'ValueError:MISSING_EXACT_METADATA:NSE_FO|43653|25-08-2026']",
,,,,,0,1,,recent,,strict,9411.18,strict,2,2,OI_SQUEEZE_CALL5,,"['2026-06-23', 'ValueError:UNKNOWN_SOURCE_AUDIT:VOLUME_MISMATCH']",
,,,,,0,1,5,earlier,,reported,9411.18,primary,7,2,OI_BUILD_CALL5,,"['2026-04-02', 'ValueError:UNKNOWN_DECISION_BARS']",
,,,,,0,1,5,earlier,,reported,9411.18,delay3,7,2,OI_BUILD_CALL5,,"['2026-04-02', 'ValueError:UNKNOWN_DECISION_BARS']",
,,,,,0,1,5,earlier,,reported,9411.18,slippage2,7,2,OI_BUILD_CALL5,,"['2026-04-02', 'ValueError:UNKNOWN_DECISION_BARS']",
,,,,,0,1,5,earlier,,reported,9411.18,delete_best,7,2,OI_BUILD_CALL5,,"['2026-04-02', 'ValueError:UNKNOWN_DECISION_BARS']",
,,,,,0,,5,earlier,,strict,9411.18,strict,6,1,OI_BUILD_CALL5,,"['2026-04-01', 'ValueError:UNKNOWN_SOURCE_AUDIT:VOLUME_MISMATCH']",
,,,1,3,0.4550885223744525128623615742,9,15,recent,1,reported,5128.26,primary,30,14,OI_BUILD_CALL5,1,"['2026-08-03', 'ValueError:UNKNOWN_EXIT_CAPACITY']",
,5283.33,,1,4,0.4386113112277100214850847609,25,32,recent,1,reported,5283.33,delay3,63,30,OI_BUILD_CALL5,1,,
,,,1,3,0.4592027779725815466285843008,9,15,recent,1,reported,5089.54,slippage2,30,14,OI_BUILD_CALL5,1,"['2026-08-03', 'ValueError:UNKNOWN_EXIT_CAPACITY']",
,,,1,3,0.4550885223744525128623615742,9,15,recent,1,reported,5128.26,delete_best,30,14,OI_BUILD_CALL5,1,"['2026-08-03', 'ValueError:UNKNOWN_EXIT_CAPACITY']",
,,,,,0,1,6,recent,,strict,9411.18,strict,8,2,OI_BUILD_CALL5,,"['2026-07-02', 'ValueError:UNKNOWN_SOURCE_AUDIT:VOLUME_MISMATCH']",
,1745.20,,3,,0.8800102790833039202937588626,48,1,earlier,5,reported,1745.20,primary,59,53,NIFTY_UNCONDITIONAL_0930,5,,2
,2116.87,,3,,0.8346081605610385714017838726,48,1,earlier,5,reported,2116.87,delay3,59,53,NIFTY_UNCONDITIONAL_0930,5,,2
,2006.56,,3,,0.8420655772285285658739616309,48,1,earlier,5,reported,2006.56,slippage2,59,53,NIFTY_UNCONDITIONAL_0930,5,,2
1,3166.27,,3,,0.7521871418093386841730972494,50,,earlier,4,reported,3166.27,delete_best,59,55,NIFTY_UNCONDITIONAL_0930,4,,1
,,,,,0,,,earlier,,strict,9411.18,strict,1,1,NIFTY_UNCONDITIONAL_0930,,"['2026-03-23', 'ValueError:UNKNOWN_SOURCE_AUDIT:VOLUME_MISMATCH,OFF_TICK']",
,1860.80,,12,,0.9014009660484590492226022895,22,1,recent,20,reported,1860.80,primary,63,42,NIFTY_UNCONDITIONAL_0930,20,,8
,1056.65,,10,,0.9299584686380877863537322338,28,1,recent,17,reported,1056.65,delay3,63,45,NIFTY_UNCONDITIONAL_0930,17,,7
,2564.83,,11,,0.8465543637387218956009933646,24,1,recent,19,reported,2564.83,slippage2,63,43,NIFTY_UNCONDITIONAL_0930,19,,8
1,2091.50,,4,,0.8684300348487849277951717367,45,1,recent,8,reported,2091.50,delete_best,63,54,NIFTY_UNCONDITIONAL_0930,8,,4
,,,1,,0.2326764550247684137377034548,,,recent,1,strict,7699.17,strict,3,2,NIFTY_UNCONDITIONAL_0930,1,"['2026-06-24', 'ValueError:UNKNOWN_SOURCE_AUDIT:VOLUME_MISMATCH']",
,2796.51,,4,,0.8266152787455070849744866291,49,,earlier,5,reported,2796.51,primary,59,54,NIFTY_UNCONDITIONAL_1510,5,,1
,2768.30,,4,,0.8280249590293258415529157887,49,,earlier,5,reported,2768.30,delay3,59,54,NIFTY_UNCONDITIONAL_1510,5,,1
,2464.92,,4,,0.8480240012055664713417143387,49,,earlier,5,reported,2464.92,slippage2,59,54,NIFTY_UNCONDITIONAL_1510,5,,1
1,2634.43,,2,,0.8089462253755201362124450494,51,1,earlier,3,reported,2634.43,delete_best,59,55,NIFTY_UNCONDITIONAL_1510,3,,1
,,,,,0,,,earlier,,strict,9411.18,strict,1,1,NIFTY_UNCONDITIONAL_1510,,"['2026-03-23', 'ValueError:UNKNOWN_SOURCE_AUDIT:VOLUME_MISMATCH,OFF_TICK']",
,2401.94,,6,1,0.8005340456775877201371135182,43,1,recent,9,reported,2401.94,primary,63,53,NIFTY_UNCONDITIONAL_1510,9,,3
,1350.47,,3,,0.8782596868830476093327297958,54,1,recent,4,reported,1350.47,delay3,63,58,NIFTY_UNCONDITIONAL_1510,4,,1
,2228.98,,9,1,0.8835983422667663757556514582,31,1,recent,15,reported,2228.98,slippage2,63,47,NIFTY_UNCONDITIONAL_1510,15,,6
1,2056.17,,4,1,0.8219149989693109684439145782,48,1,recent,6,reported,2056.17,delete_best,63,56,NIFTY_UNCONDITIONAL_1510,6,,2
,,,1,,0.4562584075535692654906186047,,,recent,1,strict,5117.25,strict,3,2,NIFTY_UNCONDITIONAL_1510,1,"['2026-06-24', 'ValueError:UNKNOWN_SOURCE_AUDIT:VOLUME_MISMATCH']",
,9256.78,,1,,0.3781428046217371254189166502,7,48,earlier,2,reported,9256.78,primary,59,9,NIFTY_SELLOFF_REBOUND_0930,2,,1
,9754.05,,,1,0.0347065936471303279716252372,7,49,earlier,1,reported,9754.05,delay3,59,9,NIFTY_SELLOFF_REBOUND_0930,1,,1
,9097.60,,1,,0.3781396169237013849485399280,7,48,earlier,2,reported,9097.60,slippage2,59,9,NIFTY_SELLOFF_REBOUND_0930,2,,1
1,8933.41,,1,,0.3781428046217371254189166502,7,49,earlier,1,reported,8933.41,delete_best,59,9,NIFTY_SELLOFF_REBOUND_0930,1,,
,,,,,0,,,earlier,,strict,9411.18,strict,1,1,NIFTY_SELLOFF_REBOUND_0930,,"['2026-03-23', 'ValueError:UNKNOWN_SOURCE_AUDIT:VOLUME_MISMATCH,OFF_TICK']",
,12732.73,,2,,0.2315883874285689998491156263,2,55,recent,3,reported,12732.73,primary,63,5,NIFTY_SELLOFF_REBOUND_0930,3,,1
,12784.76,,2,,0.2215683899362247879649523227,2,55,recent,3,reported,12784.76,delay3,63,5,NIFTY_SELLOFF_REBOUND_0930,3,,1
,11941.13,,2,,0.2315851997305332593787389042,2,55,recent,3,reported,11941.13,slippage2,63,5,NIFTY_SELLOFF_REBOUND_0930,3,,1
1,8713.83,,2,,0.2315883874285689998491156263,2,56,recent,2,reported,8713.83,delete_best,63,5,NIFTY_SELLOFF_REBOUND_0930,2,,
,,,,,0,,1,recent,,strict,9411.18,strict,2,1,NIFTY_SELLOFF_REBOUND_0930,,"['2026-06-23', 'ValueError:UNKNOWN_SOURCE_AUDIT:VOLUME_MISMATCH']",
,14663.22,,2,1,0.4282020106165297589039470953,4,46,earlier,4,reported,14663.22,primary,59,9,NIFTY_SELLOFF_REBOUND_1510,4,,2
,10048.67,,,1,0.2589483996693294570925218729,7,49,earlier,1,reported,10048.67,delay3,59,9,NIFTY_SELLOFF_REBOUND_1510,1,,1
,14159.69,,2,1,0.4439854872464086562036930349,4,46,earlier,4,reported,14159.69,slippage2,59,9,NIFTY_SELLOFF_REBOUND_1510,4,,2
1,10029.17,,,,0.2610204033925607628373912729,7,49,earlier,1,reported,10029.17,delete_best,59,9,NIFTY_SELLOFF_REBOUND_1510,1,,1
,,,,,0,,,earlier,,strict,9411.18,strict,1,1,NIFTY_SELLOFF_REBOUND_1510,,"['2026-03-23', 'ValueError:UNKNOWN_SOURCE_AUDIT:VOLUME_MISMATCH,OFF_TICK']",
,16762.25,,1,,0.2325276957831005251201230876,,53,recent,5,reported,16762.25,primary,63,5,NIFTY_SELLOFF_REBOUND_1510,5,,4
,16638.71,,1,,0.2225076982907563132359597840,,53,recent,5,reported,16638.71,delay3,63,5,NIFTY_SELLOFF_REBOUND_1510,5,,4
,16088.54,,2,,0.2325234455190528711596207914,,53,recent,5,reported,16088.54,slippage2,63,5,NIFTY_SELLOFF_REBOUND_1510,5,,3
1,9592.86,,2,,0.2069496067443189908173045250,1,55,recent,3,reported,9592.86,delete_best,63,5,NIFTY_SELLOFF_REBOUND_1510,3,,1
,,,,,0,,1,recent,,strict,9411.18,strict,2,1,NIFTY_SELLOFF_REBOUND_1510,,"['2026-06-23', 'ValueError:UNKNOWN_SOURCE_AUDIT:VOLUME_MISMATCH']",
,3943.12,,2,,0.7398710894914346553779653561,26,29,earlier,2,reported,3943.12,primary,59,28,NIFTY_DAY_CONTINUATION_0930,2,,
,3908.56,,2,,0.7435433176286076772519492773,26,29,earlier,2,reported,3908.56,delay3,59,28,NIFTY_DAY_CONTINUATION_0930,2,,
,3875.91,,2,,0.7442499240265301481854560215,26,29,earlier,2,reported,3875.91,slippage2,59,28,NIFTY_DAY_CONTINUATION_0930,2,,
,3943.12,,2,,0.7398710894914346553779653561,26,29,earlier,2,reported,3943.12,delete_best,59,28,NIFTY_DAY_CONTINUATION_0930,2,,
,,,,,0,,,earlier,,strict,9411.18,strict,1,1,NIFTY_DAY_CONTINUATION_0930,,"['2026-03-23', 'ValueError:UNKNOWN_SOURCE_AUDIT:VOLUME_MISMATCH,OFF_TICK']",
,3527.84,,5,,0.6534610962706058113860323573,8,45,recent,5,reported,3527.84,primary,63,13,NIFTY_DAY_CONTINUATION_0930,5,,
,3548.28,,4,1,0.6229718271247601257228105296,8,46,recent,4,reported,3548.28,delay3,63,13,NIFTY_DAY_CONTINUATION_0930,4,,
,3368.16,,5,,0.6528161187013743228798089081,8,45,recent,5,reported,3368.16,slippage2,63,13,NIFTY_DAY_CONTINUATION_0930,5,,
,3527.84,,5,,0.6534610962706058113860323573,8,45,recent,5,reported,3527.84,delete_best,63,13,NIFTY_DAY_CONTINUATION_0930,5,,
,,,1,,0.1416644884063422440119092399,,3,recent,1,strict,8077.95,strict,6,2,NIFTY_DAY_CONTINUATION_0930,1,"['2026-06-30', 'ValueError:UNKNOWN_SOURCE_AUDIT:VOLUME_MISMATCH']",
,16818.43,,1,,0.7408018973178708727279682250,24,29,earlier,3,reported,16818.43,primary,59,27,NIFTY_DAY_CONTINUATION_1510,3,,2
,15292.43,,1,,0.7443572431937334106881390006,24,29,earlier,3,reported,15292.43,delay3,59,27,NIFTY_DAY_CONTINUATION_1510,3,,2
,16556.30,,1,,0.7451786067209425385552077423,24,29,earlier,3,reported,16556.30,slippage2,59,27,NIFTY_DAY_CONTINUATION_1510,3,,2
1,8126.86,,1,,0.7408018973178708727279682250,25,29,earlier,2,reported,8126.86,delete_best,59,28,NIFTY_DAY_CONTINUATION_1510,2,,1
,,,,,0,,,earlier,,strict,9411.18,strict,1,1,NIFTY_DAY_CONTINUATION_1510,,"['2026-03-23', 'ValueError:UNKNOWN_SOURCE_AUDIT:VOLUME_MISMATCH,OFF_TICK']",
,2413.99,,3,,0.7845923678008496277831260267,10,47,recent,3,reported,2413.99,primary,63,13,NIFTY_DAY_CONTINUATION_1510,3,,
,2181.96,,2,1,0.7681523464645241085602443052,10,48,recent,2,reported,2181.96,delay3,63,13,NIFTY_DAY_CONTINUATION_1510,2,,
,2342.52,,3,,0.7904598573186359202565459379,10,47,recent,3,reported,2342.52,slippage2,63,13,NIFTY_DAY_CONTINUATION_1510,3,,
,2413.99,,3,,0.7845923678008496277831260267,10,47,recent,3,reported,2413.99,delete_best,63,13,NIFTY_DAY_CONTINUATION_1510,3,,
,,,1,,0.4560533323132699618963828128,,3,recent,1,strict,5151.68,strict,6,2,NIFTY_DAY_CONTINUATION_1510,1,"['2026-06-30', 'ValueError:UNKNOWN_SOURCE_AUDIT:VOLUME_MISMATCH']",
,1975.65,,3,,0.8304782184593217853659158575,16,37,earlier,3,reported,1975.65,primary,59,19,NIFTY_TREND_ALIGNMENT_0930,3,,
,1950.84,,3,,0.8355317824119823444031460454,16,37,earlier,3,reported,1950.84,delay3,59,19,NIFTY_TREND_ALIGNMENT_0930,3,,
,1895.46,,3,,0.8376175994933685255196479081,16,37,earlier,3,reported,1895.46,slippage2,59,19,NIFTY_TREND_ALIGNMENT_0930,3,,
,1975.65,,3,,0.8304782184593217853659158575,16,37,earlier,3,reported,1975.65,delete_best,59,19,NIFTY_TREND_ALIGNMENT_0930,3,,
,,,,,0,,,earlier,,strict,9411.18,strict,1,1,NIFTY_TREND_ALIGNMENT_0930,,"['2026-03-23', 'ValueError:UNKNOWN_SOURCE_AUDIT:VOLUME_MISMATCH,OFF_TICK']",
,1920.23,,4,,0.8384416554751418433889868478,10,43,recent,5,reported,1920.23,primary,63,15,NIFTY_TREND_ALIGNMENT_0930,5,,1
,2212.87,,4,1,0.8118255689160479225529491644,9,43,recent,5,reported,2212.87,delay3,63,15,NIFTY_TREND_ALIGNMENT_0930,5,,1
,1666.85,,4,,0.8580322927804338611972085251,10,43,recent,5,reported,1666.85,slippage2,63,15,NIFTY_TREND_ALIGNMENT_0930,5,,1
1,6815.75,,6,,0.8071327016574036329651318864,7,39,recent,8,reported,6815.75,delete_best,63,16,NIFTY_TREND_ALIGNMENT_0930,8,,2
,,,,,0,,6,recent,,strict,9411.18,strict,7,1,NIFTY_TREND_ALIGNMENT_0930,,"['2026-07-01', 'ValueError:UNKNOWN_SOURCE_AUDIT:VOLUME_MISMATCH']",
,5359.25,,2,1,0.7408018973178708727279682250,14,36,earlier,4,reported,5359.25,primary,59,19,NIFTY_TREND_ALIGNMENT_1510,4,,2
,10083.77,,2,1,0.7443572431937334106881390006,13,35,earlier,5,reported,10083.77,delay3,59,19,NIFTY_TREND_ALIGNMENT_1510,5,,3
,4882.43,,2,1,0.7451786067209425385552077423,14,36,earlier,4,reported,4882.43,slippage2,59,19,NIFTY_TREND_ALIGNMENT_1510,4,,2
1,2452.42,,2,1,0.7925956150025820354089497810,16,37,earlier,2,reported,2452.42,delete_best,59,20,NIFTY_TREND_ALIGNMENT_1510,2,,
,,,,,0,,,earlier,,strict,9411.18,strict,1,1,NIFTY_TREND_ALIGNMENT_1510,,"['2026-03-23', 'ValueError:UNKNOWN_SOURCE_AUDIT:VOLUME_MISMATCH,OFF_TICK']",
,2036.96,,3,,0.8416766501454051803486852915,11,42,recent,5,reported,2036.96,primary,63,16,NIFTY_TREND_ALIGNMENT_1510,5,,2
,2323.09,,3,1,0.8177169187153187566496768600,10,42,recent,5,reported,2323.09,delay3,63,16,NIFTY_TREND_ALIGNMENT_1510,5,,2
,1793.31,,3,,0.8588668868833757837778696688,11,42,recent,5,reported,1793.31,slippage2,63,16,NIFTY_TREND_ALIGNMENT_1510,5,,2
1,2326.85,,3,,0.8247077106561376244601456477,12,42,recent,4,reported,2326.85,delete_best,63,17,NIFTY_TREND_ALIGNMENT_1510,4,,1
,,,,,0,,6,recent,,strict,9411.18,strict,7,1,NIFTY_TREND_ALIGNMENT_1510,,"['2026-07-01', 'ValueError:UNKNOWN_SOURCE_AUDIT:VOLUME_MISMATCH']",
