period,quality,strategy,calendar_days,sessions,expiry_sessions,final_bankroll,trades,signals,wins,misses,max_closed_drawdown,unknown,delete_best,delay2,delay3,features_lag5,open_plus_1pct,p_conditional,adjusted_p
earlier,reported,EXPIRY_ORB30_TARGET,90,59,13,1783.70,11,13,4,2,0.8758338486778491113760442367,,442.96,280.06,546.23,1783.70,193.57,0.686,1.0
earlier,reported,EXPIRY_ORB30_TRAIL,90,59,13,541.49,9,13,1,1,0.9424631130208964231902906968,,443.09,451.21,509.77,541.49,407.99,0.882,1.0
earlier,reported,EXPIRY_LATE_BREAK_TARGET,90,59,13,1198.95,7,11,2,4,0.9290955251437516595828230147,,1211.57,2858.86,2500.87,1198.95,2379.64,0.326,1.0
earlier,reported,EXPIRY_LATE_BREAK_TRAIL,90,59,13,2293.49,7,11,1,4,0.7563015477336529531897169112,,1033.63,3023.96,2202.80,2293.49,5505.54,0.158,1.0
earlier,reported,EXPIRY_LATE_FADE_TARGET,90,59,13,2934.32,2,10,0,8,0.6882091299922007654725549825,,5015.77,2479.70,1413.57,2934.32,15450.62,0.386,1.0
earlier,reported,EXPIRY_LATE_FADE_TRAIL,90,59,13,3168.22,2,10,0,8,0.6633557109735442314353779229,,5015.77,1338.17,1413.57,3168.22,2407.20,0.506,1.0
earlier,reported,EXPIRY_TREND1445_TARGET,90,59,13,9411.18,0,1,0,1,0,,9411.18,9411.18,9411.18,9411.18,9411.18,0.522,1.0
earlier,reported,EXPIRY_TREND1445_TRAIL,90,59,13,9411.18,0,1,0,1,0,,9411.18,9411.18,9411.18,9411.18,9411.18,0.522,1.0
earlier,reported,EXPIRY_OPTION_ACCEL_TARGET,90,59,13,1490.78,4,10,0,6,0.8415947840759607190596715821,,1857.87,2401.27,786.40,1490.78,1632.50,0.36,1.0
earlier,reported,EXPIRY_OPTION_ACCEL_TRAIL,90,59,13,1490.78,4,10,0,6,0.8415947840759607190596715821,,1857.87,2401.27,786.40,1490.78,1632.50,0.466,1.0
earlier,reported,EXPIRY_OPTION_ACCEL_OI_TARGET,90,59,13,1427.48,4,9,0,5,0.8483208269313731115545553267,,2381.08,616.02,676.03,1427.48,3944.93,0.262,1.0
earlier,reported,EXPIRY_OPTION_ACCEL_OI_TRAIL,90,59,13,1427.48,4,9,0,5,0.8483208269313731115545553267,,2381.08,616.02,676.03,1427.48,3308.10,0.324,1.0
earlier,reported,EXPIRY_FUTURE_TREND_TARGET,90,59,13,1068.77,8,13,2,5,0.9023349617388666224383682316,,648.66,2152.32,1722.00,1068.77,803.82,0.51,1.0
earlier,reported,EXPIRY_FUTURE_TREND_TRAIL,90,59,13,701.17,9,13,1,4,0.9254960589426618128651242458,,451.18,1153.26,1363.69,701.17,1174.36,0.724,1.0
earlier,reported,EXPIRY_FUTURE_OI_TARGET,90,59,13,9411.18,0,1,0,1,0,,9411.18,9411.18,9411.18,9411.18,9411.18,0.522,1.0
earlier,reported,EXPIRY_FUTURE_OI_TRAIL,90,59,13,9411.18,0,1,0,1,0,,9411.18,9411.18,9411.18,9411.18,9411.18,0.522,1.0
earlier,reported,EXPIRY_BASIS_LEAD_TARGET,90,59,13,16177.78,1,3,1,2,0,,9411.18,15304.38,14468.94,16177.78,9786.10,0.144,1.0
earlier,reported,EXPIRY_BASIS_LEAD_TRAIL,90,59,13,8217.63,1,3,0,2,0.1268225663519346139378908915,,9411.18,9095.50,9934.35,8217.63,6123.39,0.364,1.0
earlier,reported,EXPIRY_IV_CHEAP_TREND_TARGET,90,59,13,,0,4,0,4,0,2026-06-09:UNKNOWN_SIGNAL,,,,9411.18,,,
earlier,reported,EXPIRY_IV_CHEAP_TREND_TRAIL,90,59,13,,0,4,0,4,0,2026-06-09:UNKNOWN_SIGNAL,,,,9411.18,,,
earlier,reported,EXPIRY_SKEW_UNWIND_TARGET,90,59,13,2407.29,4,13,1,9,0.7442095465180774355606842075,,2215.47,2474.87,372.45,4296.44,1605.82,0.66,1.0
earlier,reported,EXPIRY_SKEW_UNWIND_TRAIL,90,59,13,4277.72,4,13,1,9,0.6818171675262677938920963805,,2215.47,2932.21,259.27,1696.34,577.03,0.622,1.0
earlier,reported,EXPIRY_SECTOR_CONFIRM_TARGET,90,59,13,1508.52,7,13,2,6,0.8621502629025094990322775198,,1088.41,3831.93,1818.67,1508.52,1657.56,0.42,1.0
earlier,reported,EXPIRY_SECTOR_CONFIRM_TRAIL,90,59,13,1392.01,7,13,1,6,0.8935694057056175376786063809,,996.59,948.72,1030.65,1392.01,969.69,0.442,1.0
earlier,reported,EXPIRY_GIFT_CATCHUP_TARGET,90,59,13,,0,0,0,0,0,2026-03-24:UNKNOWN_SIGNAL,,,,,,,
earlier,reported,EXPIRY_GIFT_CATCHUP_TRAIL,90,59,13,,0,0,0,0,0,2026-03-24:UNKNOWN_SIGNAL,,,,,,,
earlier,reported,EXPIRY_CHAIN_UNWIND_TARGET,90,59,13,1279.99,4,13,0,8,0.8639926130410851774166470092,,1198.63,582.73,307.53,5510.82,830.42,0.458,1.0
earlier,reported,EXPIRY_CHAIN_UNWIND_TRAIL,90,59,13,744.14,5,13,0,6,0.9209302127894695457955325475,,1336.82,576.33,636.32,1604.02,1433.69,0.798,1.0
earlier,reported,EXPIRY_PCR_CONFIRM_TARGET,90,59,13,,0,0,0,0,0,2026-03-24:UNKNOWN_SIGNAL,,,,,,,
earlier,reported,EXPIRY_PCR_CONFIRM_TRAIL,90,59,13,,0,0,0,0,0,2026-03-24:UNKNOWN_SIGNAL,,,,,,,
earlier,reported,EXPIRY_PAIN_ESCAPE_TARGET,90,59,13,,0,0,0,0,0,2026-03-24:UNKNOWN_SIGNAL,,,,,,,
earlier,reported,EXPIRY_PAIN_ESCAPE_TRAIL,90,59,13,,0,0,0,0,0,2026-03-24:UNKNOWN_SIGNAL,,,,,,,
earlier,reported,EXPIRY_INSTITUTIONAL_ALIGN_TARGET,90,59,13,,0,0,0,0,0,2026-03-24:UNKNOWN_SIGNAL,,,,,,,
earlier,reported,EXPIRY_INSTITUTIONAL_ALIGN_TRAIL,90,59,13,,0,0,0,0,0,2026-03-24:UNKNOWN_SIGNAL,,,,,,,
earlier,reported,EXPIRY_PUBLISHED_PCR_TARGET,90,59,13,4091.37,4,10,1,6,0.5657484986722085067811829338,,2140.34,6525.40,3937.68,4091.37,2246.75,0.316,1.0
earlier,reported,EXPIRY_PUBLISHED_PCR_TRAIL,90,59,13,4306.86,5,10,1,5,0.5423676945930265917770141470,,1745.88,18458.48,4894.01,4306.86,4586.47,0.244,1.0
earlier,reported,EXPIRY_PUBLISHED_PAIN_TARGET,90,59,13,9411.18,0,0,0,0,0,,9411.18,9411.18,9411.18,9411.18,9411.18,,
earlier,reported,EXPIRY_PUBLISHED_PAIN_TRAIL,90,59,13,9411.18,0,0,0,0,0,,9411.18,9411.18,9411.18,9411.18,9411.18,,
earlier,reported,ORDINARY_FUTURE_TREND_TARGET,90,59,13,2350.65,10,46,4,2,0.8075710889610729816105202494,,2416.60,2693.95,2423.32,2350.65,2373.04,0.618,1.0
earlier,reported,ORDINARY_FUTURE_TREND_TRAIL,90,59,13,1928.19,6,46,1,1,0.8421545096138733169172735370,,1956.72,2074.53,2084.11,1928.19,2562.29,0.924,1.0
earlier,reported,ORDINARY_FUTURE_OI_TARGET,90,59,13,9411.18,0,1,0,0,0,,9411.18,9411.18,9411.18,9271.38,9411.18,0.48,1.0
earlier,reported,ORDINARY_FUTURE_OI_TRAIL,90,59,13,9411.18,0,1,0,0,0,,9411.18,9411.18,9411.18,9271.38,9411.18,0.48,1.0
earlier,reported,ORDINARY_BASIS_LEAD_TARGET,90,59,13,3925.37,5,23,2,1,0.6221296594000465915938753232,,3129.98,4006.68,3809.62,3925.37,4240.21,0.754,1.0
earlier,reported,ORDINARY_BASIS_LEAD_TRAIL,90,59,13,4536.11,5,23,2,1,0.5633376138558009422283488671,,3557.80,4617.42,4910.03,4536.11,4850.95,0.522,1.0
earlier,reported,ORDINARY_IV_CHEAP_TREND_TARGET,90,59,13,8381.88,1,5,0,3,0.1093699196062555386253370991,,9411.18,9411.18,6947.71,8381.88,6048.47,0.714,1.0
earlier,reported,ORDINARY_IV_CHEAP_TREND_TRAIL,90,59,13,8381.88,1,5,0,3,0.1093699196062555386253370991,,9411.18,9411.18,6947.71,8381.88,6048.47,0.618,1.0
earlier,reported,ORDINARY_SKEW_UNWIND_TARGET,90,59,13,9411.18,0,2,0,2,0,,9411.18,11459.55,9337.89,9411.18,9776.82,0.522,1.0
earlier,reported,ORDINARY_SKEW_UNWIND_TRAIL,90,59,13,9411.18,0,2,0,2,0,,9411.18,11459.55,9337.89,9411.18,9776.82,0.522,1.0
earlier,reported,ORDINARY_SECTOR_CONFIRM_TARGET,90,59,13,1966.21,7,46,2,3,0.8390421163619217268297794310,,1896.69,2310.58,3018.14,1966.21,2997.68,0.802,1.0
earlier,reported,ORDINARY_SECTOR_CONFIRM_TRAIL,90,59,13,2354.35,6,46,1,1,0.8072681995599098863100539634,,3018.55,2069.93,2950.41,2354.35,2484.57,0.67,1.0
earlier,reported,ORDINARY_GIFT_CATCHUP_TARGET,90,59,13,,0,0,0,0,0,2026-03-23:UNKNOWN_SIGNAL,,,,,,,
earlier,reported,ORDINARY_GIFT_CATCHUP_TRAIL,90,59,13,,0,0,0,0,0,2026-03-23:UNKNOWN_SIGNAL,,,,,,,
earlier,reported,ORDINARY_CHAIN_UNWIND_TARGET,90,59,13,2616.71,5,17,1,4,0.7219572890965851253509124254,,3178.11,4366.45,4639.64,14789.55,2741.84,0.718,1.0
earlier,reported,ORDINARY_CHAIN_UNWIND_TRAIL,90,59,13,3936.91,5,17,1,6,0.5816773242037661589726261744,,2635.03,4800.29,5219.74,14610.88,2605.40,0.174,1.0
earlier,reported,ORDINARY_PCR_CONFIRM_TARGET,90,59,13,,0,0,0,0,0,2026-03-23:UNKNOWN_SIGNAL,,,,,,,
earlier,reported,ORDINARY_PCR_CONFIRM_TRAIL,90,59,13,,0,0,0,0,0,2026-03-23:UNKNOWN_SIGNAL,,,,,,,
earlier,reported,ORDINARY_PAIN_ESCAPE_TARGET,90,59,13,,0,0,0,0,0,2026-03-23:UNKNOWN_SIGNAL,,,,,,,
earlier,reported,ORDINARY_PAIN_ESCAPE_TRAIL,90,59,13,,0,0,0,0,0,2026-03-23:UNKNOWN_SIGNAL,,,,,,,
earlier,reported,ORDINARY_INSTITUTIONAL_ALIGN_TARGET,90,59,13,,0,0,0,0,0,2026-03-23:UNKNOWN_SIGNAL,,,,,,,
earlier,reported,ORDINARY_INSTITUTIONAL_ALIGN_TRAIL,90,59,13,,0,0,0,0,0,2026-03-23:UNKNOWN_SIGNAL,,,,,,,
earlier,reported,ORDINARY_PUBLISHED_PCR_TARGET,90,59,13,2940.95,5,28,1,2,0.6875046487263021215192993865,,3163.21,2944.18,3460.83,2940.95,5902.75,0.71,1.0
earlier,reported,ORDINARY_PUBLISHED_PCR_TRAIL,90,59,13,2485.34,4,28,0,0,0.7359162187950926451305787372,,2873.97,2462.58,2942.63,2485.34,2654.41,0.864,1.0
earlier,reported,ORDINARY_PUBLISHED_PAIN_TARGET,90,59,13,9993.05,1,2,1,1,0,,9411.18,8960.78,9411.18,9993.05,10238.43,0.292,1.0
earlier,reported,ORDINARY_PUBLISHED_PAIN_TRAIL,90,59,13,9993.05,1,2,1,1,0,,9411.18,7614.59,9411.18,9993.05,7972.23,0.292,1.0
earlier,strict,EXPIRY_ORB30_TARGET,90,59,13,,9,11,3,1,0.7852075935217475385658334024,2026-06-02:UNKNOWN_SELECTION_DATA,,,,,,,
earlier,strict,EXPIRY_ORB30_TRAIL,90,59,13,,8,10,1,1,0.9009242199171623537112243098,2026-05-26:UNKNOWN_SELECTION_DATA,,,,,,,
earlier,strict,EXPIRY_LATE_BREAK_TARGET,90,59,13,,4,6,1,1,0.7889176237790053680296782198,2026-05-12:UNKNOWN_SELECTION_DATA,,,,,,,
earlier,strict,EXPIRY_LATE_BREAK_TRAIL,90,59,13,,4,6,0,1,0.7519864671592722697897606889,2026-05-12:UNKNOWN_SELECTION_DATA,,,,,,,
earlier,strict,EXPIRY_LATE_FADE_TARGET,90,59,13,,0,5,0,4,0,2026-04-28:UNKNOWN_SELECTION_DATA,,,,,,,
earlier,strict,EXPIRY_LATE_FADE_TRAIL,90,59,13,,0,5,0,4,0,2026-04-28:UNKNOWN_SELECTION_DATA,,,,,,,
earlier,strict,EXPIRY_TREND1445_TARGET,90,59,13,9411.18,0,1,0,1,0,,9411.18,9411.18,9411.18,9411.18,9411.18,,
earlier,strict,EXPIRY_TREND1445_TRAIL,90,59,13,9411.18,0,1,0,1,0,,9411.18,9411.18,9411.18,9411.18,9411.18,,
earlier,strict,EXPIRY_OPTION_ACCEL_TARGET,90,59,13,,2,4,0,2,0.6531093869206624461544673463,2026-04-28:UNKNOWN_SIGNAL,,,,,,,
earlier,strict,EXPIRY_OPTION_ACCEL_TRAIL,90,59,13,,2,4,0,2,0.6531093869206624461544673463,2026-04-28:UNKNOWN_SIGNAL,,,,,,,
earlier,strict,EXPIRY_OPTION_ACCEL_OI_TARGET,90,59,13,,2,3,0,1,0.5778042710903414874649087575,2026-04-28:UNKNOWN_SIGNAL,,,,,,,
earlier,strict,EXPIRY_OPTION_ACCEL_OI_TRAIL,90,59,13,,2,3,0,1,0.5778042710903414874649087575,2026-04-28:UNKNOWN_SIGNAL,,,,,,,
earlier,strict,EXPIRY_FUTURE_TREND_TARGET,90,59,13,,1,2,0,0,0.4049810969506480590106660376,2026-03-30:UNKNOWN_SELECTION_DATA,,,,,,,
earlier,strict,EXPIRY_FUTURE_TREND_TRAIL,90,59,13,,1,2,0,0,0.3123391540699465954322412280,2026-03-30:UNKNOWN_SELECTION_DATA,,,,,,,
earlier,strict,EXPIRY_FUTURE_OI_TARGET,90,59,13,9411.18,0,1,0,1,0,,9411.18,9411.18,9411.18,9411.18,9411.18,,
earlier,strict,EXPIRY_FUTURE_OI_TRAIL,90,59,13,9411.18,0,1,0,1,0,,9411.18,9411.18,9411.18,9411.18,9411.18,,
earlier,strict,EXPIRY_BASIS_LEAD_TARGET,90,59,13,16177.78,1,3,1,2,0,,9411.18,15304.38,14468.94,16177.78,9786.10,,
earlier,strict,EXPIRY_BASIS_LEAD_TRAIL,90,59,13,8217.63,1,3,0,2,0.1268225663519346139378908915,,9411.18,9095.50,9934.35,8217.63,6123.39,,
earlier,strict,EXPIRY_IV_CHEAP_TREND_TARGET,90,59,13,,0,1,0,0,0,2026-03-30:UNKNOWN_SELECTION_DATA,,,,,,,
earlier,strict,EXPIRY_IV_CHEAP_TREND_TRAIL,90,59,13,,0,1,0,0,0,2026-03-30:UNKNOWN_SELECTION_DATA,,,,,,,
earlier,strict,EXPIRY_SKEW_UNWIND_TARGET,90,59,13,,1,6,0,4,0.4652466534483454784628495045,2026-04-28:UNKNOWN_SELECTION_DATA,,,,,,,
earlier,strict,EXPIRY_SKEW_UNWIND_TRAIL,90,59,13,,1,6,0,4,0.4652466534483454784628495045,2026-04-28:UNKNOWN_SELECTION_DATA,,,,,,,
earlier,strict,EXPIRY_SECTOR_CONFIRM_TARGET,90,59,13,,1,2,0,0,0.4049810969506480590106660376,2026-03-30:UNKNOWN_SELECTION_DATA,,,,,,,
earlier,strict,EXPIRY_SECTOR_CONFIRM_TRAIL,90,59,13,,1,2,0,0,0.3123391540699465954322412280,2026-03-30:UNKNOWN_SELECTION_DATA,,,,,,,
earlier,strict,EXPIRY_GIFT_CATCHUP_TARGET,90,59,13,,0,0,0,0,0,2026-03-24:UNKNOWN_SIGNAL,,,,,,,
earlier,strict,EXPIRY_GIFT_CATCHUP_TRAIL,90,59,13,,0,0,0,0,0,2026-03-24:UNKNOWN_SIGNAL,,,,,,,
earlier,strict,EXPIRY_CHAIN_UNWIND_TARGET,90,59,13,,3,6,0,2,0.7518143314653422843894176926,2026-04-28:UNKNOWN_SELECTION_DATA,,,,,,,
earlier,strict,EXPIRY_CHAIN_UNWIND_TRAIL,90,59,13,,3,6,0,2,0.7842597846391207053738213487,2026-04-28:UNKNOWN_SELECTION_DATA,,,,,,,
earlier,strict,EXPIRY_PCR_CONFIRM_TARGET,90,59,13,,0,0,0,0,0,2026-03-24:UNKNOWN_SIGNAL,,,,,,,
earlier,strict,EXPIRY_PCR_CONFIRM_TRAIL,90,59,13,,0,0,0,0,0,2026-03-24:UNKNOWN_SIGNAL,,,,,,,
earlier,strict,EXPIRY_PAIN_ESCAPE_TARGET,90,59,13,,0,0,0,0,0,2026-03-24:UNKNOWN_SIGNAL,,,,,,,
earlier,strict,EXPIRY_PAIN_ESCAPE_TRAIL,90,59,13,,0,0,0,0,0,2026-03-24:UNKNOWN_SIGNAL,,,,,,,
earlier,strict,EXPIRY_INSTITUTIONAL_ALIGN_TARGET,90,59,13,,0,0,0,0,0,2026-03-24:UNKNOWN_SIGNAL,,,,,,,
earlier,strict,EXPIRY_INSTITUTIONAL_ALIGN_TRAIL,90,59,13,,0,0,0,0,0,2026-03-24:UNKNOWN_SIGNAL,,,,,,,
earlier,strict,EXPIRY_PUBLISHED_PCR_TARGET,90,59,13,,1,2,0,0,0.4049810969506480590106660376,2026-03-30:UNKNOWN_SELECTION_DATA,,,,,,,
earlier,strict,EXPIRY_PUBLISHED_PCR_TRAIL,90,59,13,,1,2,0,0,0.3123391540699465954322412280,2026-03-30:UNKNOWN_SELECTION_DATA,,,,,,,
earlier,strict,EXPIRY_PUBLISHED_PAIN_TARGET,90,59,13,9411.18,0,0,0,0,0,,9411.18,9411.18,9411.18,9411.18,9411.18,,
earlier,strict,EXPIRY_PUBLISHED_PAIN_TRAIL,90,59,13,9411.18,0,0,0,0,0,,9411.18,9411.18,9411.18,9411.18,9411.18,,
earlier,strict,ORDINARY_FUTURE_TREND_TARGET,90,59,13,,0,1,0,0,0,2026-03-23:UNKNOWN_SELECTION_DATA,,,,,,,
earlier,strict,ORDINARY_FUTURE_TREND_TRAIL,90,59,13,,0,1,0,0,0,2026-03-23:UNKNOWN_SELECTION_DATA,,,,,,,
earlier,strict,ORDINARY_FUTURE_OI_TARGET,90,59,13,,0,1,0,0,0,2026-06-03:UNKNOWN_SELECTION_DATA,,,,,,,
earlier,strict,ORDINARY_FUTURE_OI_TRAIL,90,59,13,,0,1,0,0,0,2026-06-03:UNKNOWN_SELECTION_DATA,,,,,,,
earlier,strict,ORDINARY_BASIS_LEAD_TARGET,90,59,13,,0,1,0,0,0,2026-03-23:UNKNOWN_SELECTION_DATA,,,,,,,
earlier,strict,ORDINARY_BASIS_LEAD_TRAIL,90,59,13,,0,1,0,0,0,2026-03-23:UNKNOWN_SELECTION_DATA,,,,,,,
earlier,strict,ORDINARY_IV_CHEAP_TREND_TARGET,90,59,13,,0,1,0,0,0,2026-04-10:UNKNOWN_SELECTION_DATA,,,,,,,
earlier,strict,ORDINARY_IV_CHEAP_TREND_TRAIL,90,59,13,,0,1,0,0,0,2026-04-10:UNKNOWN_SELECTION_DATA,,,,,,,
earlier,strict,ORDINARY_SKEW_UNWIND_TARGET,90,59,13,9411.18,0,2,0,2,0,,9411.18,11459.55,9337.89,9411.18,9776.82,,
earlier,strict,ORDINARY_SKEW_UNWIND_TRAIL,90,59,13,9411.18,0,2,0,2,0,,9411.18,11459.55,9337.89,9411.18,9776.82,,
earlier,strict,ORDINARY_SECTOR_CONFIRM_TARGET,90,59,13,,0,1,0,0,0,2026-03-23:UNKNOWN_SELECTION_DATA,,,,,,,
earlier,strict,ORDINARY_SECTOR_CONFIRM_TRAIL,90,59,13,,0,1,0,0,0,2026-03-23:UNKNOWN_SELECTION_DATA,,,,,,,
earlier,strict,ORDINARY_GIFT_CATCHUP_TARGET,90,59,13,,0,0,0,0,0,2026-03-23:UNKNOWN_SIGNAL,,,,,,,
earlier,strict,ORDINARY_GIFT_CATCHUP_TRAIL,90,59,13,,0,0,0,0,0,2026-03-23:UNKNOWN_SIGNAL,,,,,,,
earlier,strict,ORDINARY_CHAIN_UNWIND_TARGET,90,59,13,,0,1,0,0,0,2026-04-01:UNKNOWN_SELECTION_DATA,,,,,,,
earlier,strict,ORDINARY_CHAIN_UNWIND_TRAIL,90,59,13,,0,1,0,0,0,2026-04-01:UNKNOWN_SELECTION_DATA,,,,,,,
earlier,strict,ORDINARY_PCR_CONFIRM_TARGET,90,59,13,,0,0,0,0,0,2026-03-23:UNKNOWN_SIGNAL,,,,,,,
earlier,strict,ORDINARY_PCR_CONFIRM_TRAIL,90,59,13,,0,0,0,0,0,2026-03-23:UNKNOWN_SIGNAL,,,,,,,
earlier,strict,ORDINARY_PAIN_ESCAPE_TARGET,90,59,13,,0,0,0,0,0,2026-03-23:UNKNOWN_SIGNAL,,,,,,,
earlier,strict,ORDINARY_PAIN_ESCAPE_TRAIL,90,59,13,,0,0,0,0,0,2026-03-23:UNKNOWN_SIGNAL,,,,,,,
earlier,strict,ORDINARY_INSTITUTIONAL_ALIGN_TARGET,90,59,13,,0,0,0,0,0,2026-03-23:UNKNOWN_SIGNAL,,,,,,,
earlier,strict,ORDINARY_INSTITUTIONAL_ALIGN_TRAIL,90,59,13,,0,0,0,0,0,2026-03-23:UNKNOWN_SIGNAL,,,,,,,
earlier,strict,ORDINARY_PUBLISHED_PCR_TARGET,90,59,13,,0,1,0,0,0,2026-03-23:UNKNOWN_SELECTION_DATA,,,,,,,
earlier,strict,ORDINARY_PUBLISHED_PCR_TRAIL,90,59,13,,0,1,0,0,0,2026-03-23:UNKNOWN_SELECTION_DATA,,,,,,,
earlier,strict,ORDINARY_PUBLISHED_PAIN_TARGET,90,59,13,,0,2,0,1,0,2026-06-10:UNKNOWN_SELECTION_DATA,,,,,,,
earlier,strict,ORDINARY_PUBLISHED_PAIN_TRAIL,90,59,13,,0,2,0,1,0,2026-06-10:UNKNOWN_SELECTION_DATA,,,,,,,
recent,reported,EXPIRY_ORB30_TARGET,90,63,13,590.13,5,11,0,5,0.9372947919389492072194985114,,1423.33,228.83,493.69,590.13,905.02,0.876,1.0
recent,reported,EXPIRY_ORB30_TRAIL,90,63,13,1107.36,6,11,0,4,0.8823356901047477574544318566,,891.23,466.55,926.35,1107.36,744.61,0.5,1.0
recent,reported,EXPIRY_LATE_BREAK_TARGET,90,63,13,232.88,8,11,1,3,0.9752549627145586419556314936,,315.67,3860.77,367.92,232.88,323.94,0.994,1.0
recent,reported,EXPIRY_LATE_BREAK_TRAIL,90,63,13,220.83,7,11,0,3,0.9765353547589143975569482254,,315.67,937.29,192.51,220.83,200.45,0.952,1.0
recent,reported,EXPIRY_LATE_FADE_TARGET,90,63,13,9411.18,0,6,0,6,0,,9411.18,4574.35,9411.18,9411.18,10085.19,0.262,1.0
recent,reported,EXPIRY_LATE_FADE_TRAIL,90,63,13,9411.18,0,6,0,6,0,,9411.18,5401.74,9411.18,9411.18,6545.89,0.262,1.0
recent,reported,EXPIRY_TREND1445_TARGET,90,63,13,9411.18,0,0,0,0,0,,9411.18,9411.18,9411.18,9411.18,9411.18,,
recent,reported,EXPIRY_TREND1445_TRAIL,90,63,13,9411.18,0,0,0,0,0,,9411.18,9411.18,9411.18,9411.18,9411.18,,
recent,reported,EXPIRY_OPTION_ACCEL_TARGET,90,63,13,2169.57,2,9,0,7,0.7694688657532849228258305547,,4816.85,3376.62,1308.77,2169.57,5301.45,0.608,1.0
recent,reported,EXPIRY_OPTION_ACCEL_TRAIL,90,63,13,2169.57,2,9,0,7,0.7694688657532849228258305547,,4816.85,3376.62,1308.77,2169.57,3063.89,0.224,1.0
recent,reported,EXPIRY_OPTION_ACCEL_OI_TARGET,90,63,13,2169.57,2,9,0,7,0.7694688657532849228258305547,,4816.85,1829.61,1506.88,2169.57,5725.68,0.608,1.0
recent,reported,EXPIRY_OPTION_ACCEL_OI_TRAIL,90,63,13,2169.57,2,9,0,7,0.7694688657532849228258305547,,4816.85,1829.61,1585.27,2169.57,1061.77,0.224,1.0
recent,reported,EXPIRY_FUTURE_TREND_TARGET,90,63,13,2781.16,7,13,2,6,0.7044833910306677802358471520,,2141.00,217.97,4416.86,2781.16,1141.93,0.206,1.0
recent,reported,EXPIRY_FUTURE_TREND_TRAIL,90,63,13,2826.88,7,13,2,6,0.6996253392241993033817225895,,2874.14,1197.61,1698.19,2826.88,1242.64,0.404,1.0
recent,reported,EXPIRY_FUTURE_OI_TARGET,90,63,13,9411.18,0,0,0,0,0,,9411.18,9411.18,9411.18,9411.18,9411.18,,
recent,reported,EXPIRY_FUTURE_OI_TRAIL,90,63,13,9411.18,0,0,0,0,0,,9411.18,9411.18,9411.18,9411.18,9411.18,,
recent,reported,EXPIRY_BASIS_LEAD_TARGET,90,63,13,8873.55,2,2,1,0,0.4647807383674079935920015827,,6299.34,9162.50,8525.66,8873.55,9179.28,0.522,1.0
recent,reported,EXPIRY_BASIS_LEAD_TRAIL,90,63,13,6156.02,2,2,0,0,0.3458822379340316517163628790,,6637.19,6019.46,6110.50,6156.02,6351.10,0.292,1.0
recent,reported,EXPIRY_IV_CHEAP_TREND_TARGET,90,63,13,6762.33,1,2,0,1,0.2814577980657048319126825754,,9411.18,14216.78,13867.22,9411.18,13478.72,0.77,1.0
recent,reported,EXPIRY_IV_CHEAP_TREND_TRAIL,90,63,13,6762.33,1,2,0,1,0.2814577980657048319126825754,,9411.18,13672.00,14023.15,9411.18,14413.32,0.77,1.0
recent,reported,EXPIRY_SKEW_UNWIND_TARGET,90,63,13,2101.32,5,8,1,3,0.7767208787845944929328734548,,1372.76,2163.77,4497.17,2448.94,2416.78,0.858,1.0
recent,reported,EXPIRY_SKEW_UNWIND_TRAIL,90,63,13,1728.04,5,8,1,3,0.8163843428773012523403016412,,1437.72,6345.46,10668.88,2448.94,2049.92,0.824,1.0
recent,reported,EXPIRY_SECTOR_CONFIRM_TARGET,90,63,13,6444.35,5,12,2,7,0.5443222267319269654102503546,,3779.42,1698.15,14130.75,6444.35,1413.02,0.2,1.0
recent,reported,EXPIRY_SECTOR_CONFIRM_TRAIL,90,63,13,3928.96,5,12,1,7,0.5825220641832373836224575452,,3400.91,2738.72,4956.42,3928.96,1997.41,0.108,1.0
recent,reported,EXPIRY_GIFT_CATCHUP_TARGET,90,63,13,,0,0,0,0,0,2026-06-23:UNKNOWN_SIGNAL,,,,,,,
recent,reported,EXPIRY_GIFT_CATCHUP_TRAIL,90,63,13,,0,0,0,0,0,2026-06-23:UNKNOWN_SIGNAL,,,,,,,
recent,reported,EXPIRY_CHAIN_UNWIND_TARGET,90,63,13,4673.53,6,12,2,6,0.5637890253932025527085870210,,2920.73,1571.85,3442.59,11981.37,2590.48,0.442,1.0
recent,reported,EXPIRY_CHAIN_UNWIND_TRAIL,90,63,13,2970.93,6,12,1,6,0.6843190758225854781228283807,,2254.29,1752.11,1937.45,2346.15,2242.78,0.324,1.0
recent,reported,EXPIRY_PCR_CONFIRM_TARGET,90,63,13,,0,0,0,0,0,2026-06-23:UNKNOWN_SIGNAL,,,,,,,
recent,reported,EXPIRY_PCR_CONFIRM_TRAIL,90,63,13,,0,0,0,0,0,2026-06-23:UNKNOWN_SIGNAL,,,,,,,
recent,reported,EXPIRY_PAIN_ESCAPE_TARGET,90,63,13,,0,0,0,0,0,2026-06-23:UNKNOWN_SIGNAL,,,,,,,
recent,reported,EXPIRY_PAIN_ESCAPE_TRAIL,90,63,13,,0,0,0,0,0,2026-06-23:UNKNOWN_SIGNAL,,,,,,,
recent,reported,EXPIRY_INSTITUTIONAL_ALIGN_TARGET,90,63,13,3212.32,3,4,0,1,0.6586697948610057399815963567,,3877.55,3137.19,5076.59,3212.32,3183.06,0.756,1.0
recent,reported,EXPIRY_INSTITUTIONAL_ALIGN_TRAIL,90,63,13,5050.31,3,4,0,1,0.4633712244373181683912113040,,5684.55,5570.53,4794.96,5050.31,5014.55,0.592,1.0
recent,reported,EXPIRY_PUBLISHED_PCR_TARGET,90,63,13,2320.38,3,8,0,5,0.7534443077276175782420482872,,3899.39,579.68,1459.35,2320.38,682.98,0.962,1.0
recent,reported,EXPIRY_PUBLISHED_PCR_TRAIL,90,63,13,3212.35,3,8,0,5,0.6586666071629699995112196345,,4242.33,631.05,1831.61,3212.35,1782.47,0.868,1.0
recent,reported,EXPIRY_PUBLISHED_PAIN_TARGET,90,63,13,16579.28,1,1,1,0,0,,9411.18,16657.18,16410.50,16579.28,16527.35,0.522,1.0
recent,reported,EXPIRY_PUBLISHED_PAIN_TRAIL,90,63,13,8930.01,1,1,0,0,0.0511274887952414043722466258,,9411.18,8851.97,9099.08,8930.01,8982.03,0.522,1.0
recent,reported,ORDINARY_FUTURE_TREND_TARGET,90,63,13,1274.23,16,49,5,7,0.8646046510639473477289776627,,1228.19,2536.78,1947.72,1274.23,683.91,0.812,1.0
recent,reported,ORDINARY_FUTURE_TREND_TRAIL,90,63,13,1559.16,13,49,4,5,0.8343289576864962735809962194,,1031.95,1277.18,1459.17,1559.16,1266.44,0.268,1.0
recent,reported,ORDINARY_FUTURE_OI_TARGET,90,63,13,7859.77,1,1,0,0,0.1648475536542707715716838909,,9411.18,7957.31,7937.81,9411.18,7911.80,1.0,1.0
recent,reported,ORDINARY_FUTURE_OI_TRAIL,90,63,13,7859.77,1,1,0,0,0.1648475536542707715716838909,,9411.18,7957.31,7937.81,9411.18,7911.80,1.0,1.0
recent,reported,ORDINARY_BASIS_LEAD_TARGET,90,63,13,5231.18,5,9,1,1,0.5007746106226849343015434834,,4698.30,3885.26,4855.18,5231.18,5450.58,0.268,1.0
recent,reported,ORDINARY_BASIS_LEAD_TRAIL,90,63,13,4760.13,5,9,1,1,0.5508267826138698866667091693,,4227.25,3280.73,3550.57,4760.13,5504.72,0.304,1.0
recent,reported,ORDINARY_IV_CHEAP_TREND_TARGET,90,63,13,7471.01,5,7,3,2,0.2304607752857828565307228159,,6108.33,8319.32,8522.29,7471.01,8690.48,0.176,1.0
recent,reported,ORDINARY_IV_CHEAP_TREND_TRAIL,90,63,13,7471.01,5,7,3,2,0.2304607752857828565307228159,,6108.33,8319.32,8522.29,7471.01,8690.48,0.176,1.0
recent,reported,ORDINARY_SKEW_UNWIND_TARGET,90,63,13,11908.11,1,4,1,3,0,,9411.18,9411.18,8331.79,9991.45,12444.58,0.134,1.0
recent,reported,ORDINARY_SKEW_UNWIND_TRAIL,90,63,13,11908.11,1,4,1,3,0,,9411.18,9411.18,8331.79,9991.45,12444.58,0.134,1.0
recent,reported,ORDINARY_SECTOR_CONFIRM_TARGET,90,63,13,1775.50,18,48,5,8,0.8113414045847598282043271938,,1784.28,5377.35,1249.57,1775.50,1059.91,0.378,1.0
recent,reported,ORDINARY_SECTOR_CONFIRM_TRAIL,90,63,13,996.61,13,48,4,4,0.8941036086866896605951644746,,2034.15,2158.56,1217.08,996.61,1053.40,0.814,1.0
recent,reported,ORDINARY_GIFT_CATCHUP_TARGET,90,63,13,,0,0,0,0,0,2026-06-22:UNKNOWN_SIGNAL,,,,,,,
recent,reported,ORDINARY_GIFT_CATCHUP_TRAIL,90,63,13,,0,0,0,0,0,2026-06-22:UNKNOWN_SIGNAL,,,,,,,
recent,reported,ORDINARY_CHAIN_UNWIND_TARGET,90,63,13,10843.71,9,17,4,8,0.6449008295508836446294035989,,4961.24,5729.89,4057.58,3115.61,3440.32,0.532,1.0
recent,reported,ORDINARY_CHAIN_UNWIND_TRAIL,90,63,13,8468.26,9,17,4,8,0.6702101423421001296775647706,,5152.91,5389.99,3348.37,2058.03,4959.31,0.484,1.0
recent,reported,ORDINARY_PCR_CONFIRM_TARGET,90,63,13,,0,0,0,0,0,2026-06-22:UNKNOWN_SIGNAL,,,,,,,
recent,reported,ORDINARY_PCR_CONFIRM_TRAIL,90,63,13,,0,0,0,0,0,2026-06-22:UNKNOWN_SIGNAL,,,,,,,
recent,reported,ORDINARY_PAIN_ESCAPE_TARGET,90,63,13,,0,0,0,0,0,2026-06-22:UNKNOWN_SIGNAL,,,,,,,
recent,reported,ORDINARY_PAIN_ESCAPE_TRAIL,90,63,13,,0,0,0,0,0,2026-06-22:UNKNOWN_SIGNAL,,,,,,,
recent,reported,ORDINARY_INSTITUTIONAL_ALIGN_TARGET,90,63,13,4068.74,15,18,5,3,0.7180530349175067061098880386,,5064.30,4141.88,4505.03,4068.74,3944.50,0.382,1.0
recent,reported,ORDINARY_INSTITUTIONAL_ALIGN_TRAIL,90,63,13,3548.74,14,18,5,3,0.6631635897679274832708461867,,2276.41,4275.57,2415.36,3548.74,2511.72,0.348,1.0
recent,reported,ORDINARY_PUBLISHED_PCR_TARGET,90,63,13,3637.10,21,31,7,6,0.7497937936533160525879498446,,1817.73,4798.11,9350.22,3637.10,3803.49,0.144,1.0
recent,reported,ORDINARY_PUBLISHED_PCR_TRAIL,90,63,13,1408.99,11,31,2,3,0.8502855114874011547967417476,,1693.29,2874.46,7094.10,1408.99,3489.15,0.482,1.0
recent,reported,ORDINARY_PUBLISHED_PAIN_TARGET,90,63,13,6212.76,2,2,0,0,0.3398532383824345087438557120,,7505.55,8053.36,8235.45,6212.76,6745.99,1.0,1.0
recent,reported,ORDINARY_PUBLISHED_PAIN_TRAIL,90,63,13,6212.76,2,2,0,0,0.3398532383824345087438557120,,7505.55,8053.36,8235.45,6212.76,6745.99,1.0,1.0
recent,strict,EXPIRY_ORB30_TARGET,90,63,13,,2,5,0,2,0.5620729812839622661557849281,2026-08-04:UNKNOWN_SELECTION_DATA,,,,,,,
recent,strict,EXPIRY_ORB30_TRAIL,90,63,13,,2,5,0,2,0.4260560312309402221613017709,2026-08-04:UNKNOWN_SELECTION_DATA,,,,,,,
recent,strict,EXPIRY_LATE_BREAK_TARGET,90,63,13,,3,7,0,3,0.7941501490780114714626646180,2026-08-04:UNKNOWN_SELECTION_DATA,,,,,,,
recent,strict,EXPIRY_LATE_BREAK_TRAIL,90,63,13,,3,7,0,3,0.7941501490780114714626646180,2026-08-04:UNKNOWN_SELECTION_DATA,,,,,,,
recent,strict,EXPIRY_LATE_FADE_TARGET,90,63,13,,0,1,0,0,0,2026-06-23:UNKNOWN_SELECTION_DATA,,,,,,,
recent,strict,EXPIRY_LATE_FADE_TRAIL,90,63,13,,0,1,0,0,0,2026-06-23:UNKNOWN_SELECTION_DATA,,,,,,,
recent,strict,EXPIRY_TREND1445_TARGET,90,63,13,9411.18,0,0,0,0,0,,9411.18,9411.18,9411.18,9411.18,9411.18,,
recent,strict,EXPIRY_TREND1445_TRAIL,90,63,13,9411.18,0,0,0,0,0,,9411.18,9411.18,9411.18,9411.18,9411.18,,
recent,strict,EXPIRY_OPTION_ACCEL_TARGET,90,63,13,,0,0,0,0,0,2026-06-23:UNKNOWN_SIGNAL,,,,,,,
recent,strict,EXPIRY_OPTION_ACCEL_TRAIL,90,63,13,,0,0,0,0,0,2026-06-23:UNKNOWN_SIGNAL,,,,,,,
recent,strict,EXPIRY_OPTION_ACCEL_OI_TARGET,90,63,13,,0,0,0,0,0,2026-06-23:UNKNOWN_SIGNAL,,,,,,,
recent,strict,EXPIRY_OPTION_ACCEL_OI_TRAIL,90,63,13,,0,0,0,0,0,2026-06-23:UNKNOWN_SIGNAL,,,,,,,
recent,strict,EXPIRY_FUTURE_TREND_TARGET,90,63,13,,2,7,0,4,0.4838064939784384104862514584,2026-08-04:UNKNOWN_SELECTION_DATA,,,,,,,
recent,strict,EXPIRY_FUTURE_TREND_TRAIL,90,63,13,,2,7,0,4,0.3966920194917109225410628635,2026-08-04:UNKNOWN_SELECTION_DATA,,,,,,,
recent,strict,EXPIRY_FUTURE_OI_TARGET,90,63,13,9411.18,0,0,0,0,0,,9411.18,9411.18,9411.18,,9411.18,,
recent,strict,EXPIRY_FUTURE_OI_TRAIL,90,63,13,9411.18,0,0,0,0,0,,9411.18,9411.18,9411.18,,9411.18,,
recent,strict,EXPIRY_BASIS_LEAD_TARGET,90,63,13,,0,1,0,0,0,2026-08-04:UNKNOWN_SELECTION_DATA,,,,,,,
recent,strict,EXPIRY_BASIS_LEAD_TRAIL,90,63,13,,0,1,0,0,0,2026-08-04:UNKNOWN_SELECTION_DATA,,,,,,,
recent,strict,EXPIRY_IV_CHEAP_TREND_TARGET,90,63,13,,0,1,0,0,0,2026-06-23:UNKNOWN_SELECTION_DATA,,,,,,,
recent,strict,EXPIRY_IV_CHEAP_TREND_TRAIL,90,63,13,,0,1,0,0,0,2026-06-23:UNKNOWN_SELECTION_DATA,,,,,,,
recent,strict,EXPIRY_SKEW_UNWIND_TARGET,90,63,13,,0,2,0,1,0,2026-06-30:UNKNOWN_SELECTION_DATA,,,,,,,
recent,strict,EXPIRY_SKEW_UNWIND_TRAIL,90,63,13,,0,2,0,1,0,2026-06-30:UNKNOWN_SELECTION_DATA,,,,,,,
recent,strict,EXPIRY_SECTOR_CONFIRM_TARGET,90,63,13,,2,7,0,4,0.4838064939784384104862514584,2026-08-04:UNKNOWN_SELECTION_DATA,,,,,,,
recent,strict,EXPIRY_SECTOR_CONFIRM_TRAIL,90,63,13,,2,7,0,4,0.3966920194917109225410628635,2026-08-04:UNKNOWN_SELECTION_DATA,,,,,,,
recent,strict,EXPIRY_GIFT_CATCHUP_TARGET,90,63,13,,0,0,0,0,0,2026-06-23:UNKNOWN_SIGNAL,,,,,,,
recent,strict,EXPIRY_GIFT_CATCHUP_TRAIL,90,63,13,,0,0,0,0,0,2026-06-23:UNKNOWN_SIGNAL,,,,,,,
recent,strict,EXPIRY_CHAIN_UNWIND_TARGET,90,63,13,,0,2,0,1,0,2026-06-30:UNKNOWN_SELECTION_DATA,,,,,,,
recent,strict,EXPIRY_CHAIN_UNWIND_TRAIL,90,63,13,,0,2,0,1,0,2026-06-30:UNKNOWN_SELECTION_DATA,,,,,,,
recent,strict,EXPIRY_PCR_CONFIRM_TARGET,90,63,13,,0,0,0,0,0,2026-06-23:UNKNOWN_SIGNAL,,,,,,,
recent,strict,EXPIRY_PCR_CONFIRM_TRAIL,90,63,13,,0,0,0,0,0,2026-06-23:UNKNOWN_SIGNAL,,,,,,,
recent,strict,EXPIRY_PAIN_ESCAPE_TARGET,90,63,13,,0,0,0,0,0,2026-06-23:UNKNOWN_SIGNAL,,,,,,,
recent,strict,EXPIRY_PAIN_ESCAPE_TRAIL,90,63,13,,0,0,0,0,0,2026-06-23:UNKNOWN_SIGNAL,,,,,,,
recent,strict,EXPIRY_INSTITUTIONAL_ALIGN_TARGET,90,63,13,3212.32,3,4,0,1,0.6586697948610057399815963567,,3877.55,3137.19,5076.59,3212.32,3183.06,,
recent,strict,EXPIRY_INSTITUTIONAL_ALIGN_TRAIL,90,63,13,5050.31,3,4,0,1,0.4633712244373181683912113040,,5684.55,5570.53,4794.96,5050.31,5014.55,,
recent,strict,EXPIRY_PUBLISHED_PCR_TARGET,90,63,13,,0,2,0,1,0,2026-06-30:UNKNOWN_SELECTION_DATA,,,,,,,
recent,strict,EXPIRY_PUBLISHED_PCR_TRAIL,90,63,13,,0,2,0,1,0,2026-06-30:UNKNOWN_SELECTION_DATA,,,,,,,
recent,strict,EXPIRY_PUBLISHED_PAIN_TARGET,90,63,13,,0,1,0,0,0,2026-08-04:UNKNOWN_SELECTION_DATA,,,,,,,
recent,strict,EXPIRY_PUBLISHED_PAIN_TRAIL,90,63,13,,0,1,0,0,0,2026-08-04:UNKNOWN_SELECTION_DATA,,,,,,,
recent,strict,ORDINARY_FUTURE_TREND_TARGET,90,63,13,,0,1,0,0,0,2026-06-22:UNKNOWN_SELECTION_DATA,,,,,,,
recent,strict,ORDINARY_FUTURE_TREND_TRAIL,90,63,13,,0,1,0,0,0,2026-06-22:UNKNOWN_SELECTION_DATA,,,,,,,
recent,strict,ORDINARY_FUTURE_OI_TARGET,90,63,13,,0,1,0,0,0,2026-08-05:UNKNOWN_SELECTION_DATA,,,,9411.18,,,
recent,strict,ORDINARY_FUTURE_OI_TRAIL,90,63,13,,0,1,0,0,0,2026-08-05:UNKNOWN_SELECTION_DATA,,,,9411.18,,,
recent,strict,ORDINARY_BASIS_LEAD_TARGET,90,63,13,,0,1,0,0,0,2026-07-01:UNKNOWN_SELECTION_DATA,,,,,,,
recent,strict,ORDINARY_BASIS_LEAD_TRAIL,90,63,13,,0,1,0,0,0,2026-07-01:UNKNOWN_SELECTION_DATA,,,,,,,
recent,strict,ORDINARY_IV_CHEAP_TREND_TARGET,90,63,13,,0,1,0,0,0,2026-06-25:UNKNOWN_SELECTION_DATA,,,,,,,
recent,strict,ORDINARY_IV_CHEAP_TREND_TRAIL,90,63,13,,0,1,0,0,0,2026-06-25:UNKNOWN_SELECTION_DATA,,,,,,,
recent,strict,ORDINARY_SKEW_UNWIND_TARGET,90,63,13,,0,1,0,0,0,2026-07-08:UNKNOWN_SELECTION_DATA,,,,,,,
recent,strict,ORDINARY_SKEW_UNWIND_TRAIL,90,63,13,,0,1,0,0,0,2026-07-08:UNKNOWN_SELECTION_DATA,,,,,,,
recent,strict,ORDINARY_SECTOR_CONFIRM_TARGET,90,63,13,,0,1,0,0,0,2026-06-22:UNKNOWN_SELECTION_DATA,,,,,,,
recent,strict,ORDINARY_SECTOR_CONFIRM_TRAIL,90,63,13,,0,1,0,0,0,2026-06-22:UNKNOWN_SELECTION_DATA,,,,,,,
recent,strict,ORDINARY_GIFT_CATCHUP_TARGET,90,63,13,,0,0,0,0,0,2026-06-22:UNKNOWN_SIGNAL,,,,,,,
recent,strict,ORDINARY_GIFT_CATCHUP_TRAIL,90,63,13,,0,0,0,0,0,2026-06-22:UNKNOWN_SIGNAL,,,,,,,
recent,strict,ORDINARY_CHAIN_UNWIND_TARGET,90,63,13,,1,3,1,1,0,2026-06-29:UNKNOWN_SELECTION_DATA,,,,,,,
recent,strict,ORDINARY_CHAIN_UNWIND_TRAIL,90,63,13,,1,3,1,1,0,2026-06-29:UNKNOWN_SELECTION_DATA,,,,,,,
recent,strict,ORDINARY_PCR_CONFIRM_TARGET,90,63,13,,0,0,0,0,0,2026-06-22:UNKNOWN_SIGNAL,,,,,,,
recent,strict,ORDINARY_PCR_CONFIRM_TRAIL,90,63,13,,0,0,0,0,0,2026-06-22:UNKNOWN_SIGNAL,,,,,,,
recent,strict,ORDINARY_PAIN_ESCAPE_TARGET,90,63,13,,0,0,0,0,0,2026-06-22:UNKNOWN_SIGNAL,,,,,,,
recent,strict,ORDINARY_PAIN_ESCAPE_TRAIL,90,63,13,,0,0,0,0,0,2026-06-22:UNKNOWN_SIGNAL,,,,,,,
recent,strict,ORDINARY_INSTITUTIONAL_ALIGN_TARGET,90,63,13,,0,1,0,0,0,2026-06-22:UNKNOWN_SELECTION_DATA,,,,,,,
recent,strict,ORDINARY_INSTITUTIONAL_ALIGN_TRAIL,90,63,13,,0,1,0,0,0,2026-06-22:UNKNOWN_SELECTION_DATA,,,,,,,
recent,strict,ORDINARY_PUBLISHED_PCR_TARGET,90,63,13,,0,1,0,0,0,2026-06-22:UNKNOWN_SELECTION_DATA,,,,,,,
recent,strict,ORDINARY_PUBLISHED_PCR_TRAIL,90,63,13,,0,1,0,0,0,2026-06-22:UNKNOWN_SELECTION_DATA,,,,,,,
recent,strict,ORDINARY_PUBLISHED_PAIN_TARGET,90,63,13,,0,1,0,0,0,2026-07-01:UNKNOWN_SELECTION_DATA,,,,,,,
recent,strict,ORDINARY_PUBLISHED_PAIN_TRAIL,90,63,13,,0,1,0,0,0,2026-07-01:UNKNOWN_SELECTION_DATA,,,,,,,
