strategy,allocation,period,scenario,final_bankroll,unknown,model_drawdown
SELLOFF_CALL,0.25,validation,rest3,9411.18,,0
SELLOFF_CALL,0.25,validation,arrival_open,9411.18,,0
SELLOFF_CALL,0.25,validation,delay3,9411.18,,0
SELLOFF_CALL,0.25,validation,slippage2,9411.18,,0
SELLOFF_CALL,0.25,validation,tight_limit,9411.18,,0
SELLOFF_CALL,0.25,validation,strict,,"['2026-01-08', 'ValueError:UNKNOWN_SOURCE_AUDIT:VOLUME_MISMATCH,OFF_TICK']",0
SELLOFF_CALL,0.25,validation,delete_best,9411.18,,0
SELLOFF_CALL,0.25,earlier,rest3,9411.18,,0
SELLOFF_CALL,0.25,earlier,arrival_open,9411.18,,0
SELLOFF_CALL,0.25,earlier,delay3,9411.18,,0
SELLOFF_CALL,0.25,earlier,slippage2,9411.18,,0
SELLOFF_CALL,0.25,earlier,tight_limit,9411.18,,0
SELLOFF_CALL,0.25,earlier,strict,,"['2026-03-23', 'ValueError:UNKNOWN_SOURCE_AUDIT:VOLUME_MISMATCH,OFF_TICK']",0
SELLOFF_CALL,0.25,earlier,delete_best,9411.18,,0
SELLOFF_CALL,0.25,recent,rest3,9411.18,,0
SELLOFF_CALL,0.25,recent,arrival_open,9411.18,,0
SELLOFF_CALL,0.25,recent,delay3,9411.18,,0
SELLOFF_CALL,0.25,recent,slippage2,9411.18,,0
SELLOFF_CALL,0.25,recent,tight_limit,9411.18,,0
SELLOFF_CALL,0.25,recent,strict,,"['2026-06-23', 'ValueError:UNKNOWN_SOURCE_AUDIT:VOLUME_MISMATCH']",0
SELLOFF_CALL,0.25,recent,delete_best,9411.18,,0
SELLOFF_CALL,0.50,validation,rest3,7236.13,,0.2311134204212436697629840254
SELLOFF_CALL,0.50,validation,arrival_open,7281.66,,0.2307648987693360450017957366
SELLOFF_CALL,0.50,validation,delay3,7219.89,,0.2373283690249256735074666514
SELLOFF_CALL,0.50,validation,slippage2,7216.64,,0.2331843615784630620177278513
SELLOFF_CALL,0.50,validation,tight_limit,7362.97,,0.2221251745264674567907531255
SELLOFF_CALL,0.50,validation,strict,,"['2026-01-08', 'ValueError:UNKNOWN_SOURCE_AUDIT:VOLUME_MISMATCH,OFF_TICK']",0
SELLOFF_CALL,0.50,validation,delete_best,7236.13,,0.2311134204212436697629840254
SELLOFF_CALL,0.50,earlier,rest3,9411.18,,0
SELLOFF_CALL,0.50,earlier,arrival_open,9411.18,,0
SELLOFF_CALL,0.50,earlier,delay3,9411.18,,0
SELLOFF_CALL,0.50,earlier,slippage2,9411.18,,0
SELLOFF_CALL,0.50,earlier,tight_limit,9411.18,,0
SELLOFF_CALL,0.50,earlier,strict,,"['2026-03-23', 'ValueError:UNKNOWN_SOURCE_AUDIT:VOLUME_MISMATCH,OFF_TICK']",0
SELLOFF_CALL,0.50,earlier,delete_best,9411.18,,0
SELLOFF_CALL,0.50,recent,rest3,9411.18,,0
SELLOFF_CALL,0.50,recent,arrival_open,9411.18,,0
SELLOFF_CALL,0.50,recent,delay3,9411.18,,0
SELLOFF_CALL,0.50,recent,slippage2,9411.18,,0
SELLOFF_CALL,0.50,recent,tight_limit,9411.18,,0
SELLOFF_CALL,0.50,recent,strict,,"['2026-06-23', 'ValueError:UNKNOWN_SOURCE_AUDIT:VOLUME_MISMATCH']",0
SELLOFF_CALL,0.50,recent,delete_best,9411.18,,0
SELLOFF_CALL,0.95,validation,rest3,8453.62,,0.6513465899068979660361399952
SELLOFF_CALL,0.95,validation,arrival_open,8505.91,,0.6278415671573596509683164067
SELLOFF_CALL,0.95,validation,delay3,8369.16,,0.6547956791815691549837533657
SELLOFF_CALL,0.95,validation,slippage2,8252.22,,0.6544482200956734437126906509
SELLOFF_CALL,0.95,validation,tight_limit,9278.80,,0.6815967817000631164211076613
SELLOFF_CALL,0.95,validation,strict,,"['2026-01-08', 'ValueError:UNKNOWN_SOURCE_AUDIT:VOLUME_MISMATCH,OFF_TICK']",0
SELLOFF_CALL,0.95,validation,delete_best,5301.92,,0.4366360010115628433416425995
SELLOFF_CALL,0.95,earlier,rest3,7743.70,,0.4859443634046217569905118378
SELLOFF_CALL,0.95,earlier,arrival_open,8255.83,,0.4675642230454784335350052165
SELLOFF_CALL,0.95,earlier,delay3,8574.36,,0.4860360893794327090719042655
SELLOFF_CALL,0.95,earlier,slippage2,7308.40,,0.5033435827164207371757379277
SELLOFF_CALL,0.95,earlier,tight_limit,10814.43,,0.2556268183160878869599773886
SELLOFF_CALL,0.95,earlier,strict,,"['2026-03-23', 'ValueError:UNKNOWN_SOURCE_AUDIT:VOLUME_MISMATCH,OFF_TICK']",0
SELLOFF_CALL,0.95,earlier,delete_best,9697.53,,0.2962593426116597493619291098
SELLOFF_CALL,0.95,recent,rest3,14615.88,,0.2743301052577891401503318394
SELLOFF_CALL,0.95,recent,arrival_open,17389.75,,0.2145628922196791475670426025
SELLOFF_CALL,0.95,recent,delay3,14615.88,,0.2743301052577891401503318394
SELLOFF_CALL,0.95,recent,slippage2,13723.86,,0.2743258549937414861898295432
SELLOFF_CALL,0.95,recent,tight_limit,17419.03,,0.2394364999925620379166055691
SELLOFF_CALL,0.95,recent,strict,,"['2026-06-23', 'ValueError:UNKNOWN_SOURCE_AUDIT:VOLUME_MISMATCH']",0
SELLOFF_CALL,0.95,recent,delete_best,8945.85,,0.2429482806619361227816278086
SELLOFF_PUT,0.25,validation,rest3,11088.84,,0.0672699916482311463599676130
SELLOFF_PUT,0.25,validation,arrival_open,10988.22,,0.0551694899045603208099303169
SELLOFF_PUT,0.25,validation,delay3,11062.85,,0.0672689290822192328698420389
SELLOFF_PUT,0.25,validation,slippage2,11053.10,,0.0672689290822192328698420389
SELLOFF_PUT,0.25,validation,tight_limit,10981.68,,0.0593177476150705862601714131
SELLOFF_PUT,0.25,validation,strict,,"['2026-01-08', 'ValueError:UNKNOWN_SOURCE_AUDIT:VOLUME_MISMATCH,OFF_TICK']",0
SELLOFF_PUT,0.25,validation,delete_best,9411.18,,0
SELLOFF_PUT,0.25,earlier,rest3,9411.18,,0
SELLOFF_PUT,0.25,earlier,arrival_open,9411.18,,0
SELLOFF_PUT,0.25,earlier,delay3,9411.18,,0
SELLOFF_PUT,0.25,earlier,slippage2,9411.18,,0
SELLOFF_PUT,0.25,earlier,tight_limit,8169.97,,0.1819601792761375300440539869
SELLOFF_PUT,0.25,earlier,strict,,"['2026-03-23', 'ValueError:UNKNOWN_SOURCE_AUDIT:VOLUME_MISMATCH,OFF_TICK']",0
SELLOFF_PUT,0.25,earlier,delete_best,9411.18,,0
SELLOFF_PUT,0.25,recent,rest3,9411.18,,0
SELLOFF_PUT,0.25,recent,arrival_open,9411.18,,0
SELLOFF_PUT,0.25,recent,delay3,9411.18,,0
SELLOFF_PUT,0.25,recent,slippage2,9411.18,,0
SELLOFF_PUT,0.25,recent,tight_limit,9411.18,,0
SELLOFF_PUT,0.25,recent,strict,,"['2026-06-23', 'ValueError:UNKNOWN_SOURCE_AUDIT:VOLUME_MISMATCH']",0
SELLOFF_PUT,0.25,recent,delete_best,9411.18,,0
SELLOFF_PUT,0.50,validation,rest3,9468.82,,0.2555116302474493967870576543
SELLOFF_PUT,0.50,validation,arrival_open,9336.11,,0.2395378634165493052393562213
SELLOFF_PUT,0.50,validation,delay3,9701.71,,0.2535389099280292130301440185
SELLOFF_PUT,0.50,validation,slippage2,9371.35,,0.2592011433693824587975175351
SELLOFF_PUT,0.50,validation,tight_limit,10577.24,,0.2268427215805177850646683108
SELLOFF_PUT,0.50,validation,strict,,"['2026-01-08', 'ValueError:UNKNOWN_SOURCE_AUDIT:VOLUME_MISMATCH,OFF_TICK']",0
SELLOFF_PUT,0.50,validation,delete_best,9411.18,,0
SELLOFF_PUT,0.50,earlier,rest3,11001.02,,0.2986511787044770156345962993
SELLOFF_PUT,0.50,earlier,arrival_open,12509.82,,0.2750834645602358046493638417
SELLOFF_PUT,0.50,earlier,delay3,11001.02,,0.2986511787044770156345962993
SELLOFF_PUT,0.50,earlier,slippage2,10945.79,,0.2986490535724531886543451512
SELLOFF_PUT,0.50,earlier,tight_limit,13483.87,,0.3017751227795026766037840101
SELLOFF_PUT,0.50,earlier,strict,,"['2026-03-23', 'ValueError:UNKNOWN_SOURCE_AUDIT:VOLUME_MISMATCH,OFF_TICK']",0
SELLOFF_PUT,0.50,earlier,delete_best,9411.18,,0
SELLOFF_PUT,0.50,recent,rest3,9411.18,,0
SELLOFF_PUT,0.50,recent,arrival_open,9411.18,,0
SELLOFF_PUT,0.50,recent,delay3,9411.18,,0
SELLOFF_PUT,0.50,recent,slippage2,9411.18,,0
SELLOFF_PUT,0.50,recent,tight_limit,9411.18,,0
SELLOFF_PUT,0.50,recent,strict,,"['2026-06-23', 'ValueError:UNKNOWN_SOURCE_AUDIT:VOLUME_MISMATCH']",0
SELLOFF_PUT,0.50,recent,delete_best,9411.18,,0
SELLOFF_PUT,0.95,validation,rest3,3744.00,,0.7293888481317783792965121952
SELLOFF_PUT,0.95,validation,arrival_open,3970.16,,0.7066624108570432171556414599
SELLOFF_PUT,0.95,validation,delay3,3837.21,,0.7207504466511172645666483518
SELLOFF_PUT,0.95,validation,slippage2,3558.84,,0.7410085764291926076056225280
SELLOFF_PUT,0.95,validation,tight_limit,4646.02,,0.6879503646775209822975341689
SELLOFF_PUT,0.95,validation,strict,,"['2026-01-08', 'ValueError:UNKNOWN_SOURCE_AUDIT:VOLUME_MISMATCH,OFF_TICK']",0
SELLOFF_PUT,0.95,validation,delete_best,5015.11,,0.4684927926147411907964782312
SELLOFF_PUT,0.95,earlier,rest3,7586.71,,0.7667710106490365713969980385
SELLOFF_PUT,0.95,earlier,arrival_open,9460.92,,0.6991960625553862533709906728
SELLOFF_PUT,0.95,earlier,delay3,7583.46,,0.7671163446029084556878096052
SELLOFF_PUT,0.95,earlier,slippage2,7473.01,,0.7712550392193114997269205349
SELLOFF_PUT,0.95,earlier,tight_limit,9472.60,,0.7279990394403252302049264811
SELLOFF_PUT,0.95,earlier,strict,,"['2026-03-23', 'ValueError:UNKNOWN_SOURCE_AUDIT:VOLUME_MISMATCH,OFF_TICK']",0
SELLOFF_PUT,0.95,earlier,delete_best,5213.47,,0.4484517350640408535380260499
SELLOFF_PUT,0.95,recent,rest3,5060.64,,0.4657269332857303759996089757
SELLOFF_PUT,0.95,recent,arrival_open,5115.92,,0.4598530683718726025854356202
SELLOFF_PUT,0.95,recent,delay3,4850.48,,0.4846044810533854415705575709
SELLOFF_PUT,0.95,recent,slippage2,5018.41,,0.4667608100153222018917925276
SELLOFF_PUT,0.95,recent,tight_limit,2954.82,,0.7226362687781978455411542442
SELLOFF_PUT,0.95,recent,strict,,"['2026-06-30', 'ValueError:UNKNOWN_SOURCE_AUDIT:VOLUME_MISMATCH']",0.4657269332857303759996089757
SELLOFF_PUT,0.95,recent,delete_best,5060.64,,0.4657269332857303759996089757
RALLY_PUT,0.25,validation,rest3,9411.18,,0
RALLY_PUT,0.25,validation,arrival_open,9411.18,,0
RALLY_PUT,0.25,validation,delay3,9411.18,,0
RALLY_PUT,0.25,validation,slippage2,9411.18,,0
RALLY_PUT,0.25,validation,tight_limit,9411.18,,0
RALLY_PUT,0.25,validation,strict,,"['2026-02-16', 'ValueError:UNKNOWN_SOURCE_AUDIT:VOLUME_MISMATCH']",0
RALLY_PUT,0.25,validation,delete_best,9411.18,,0
RALLY_PUT,0.25,earlier,rest3,9411.18,,0
RALLY_PUT,0.25,earlier,arrival_open,9411.18,,0
RALLY_PUT,0.25,earlier,delay3,9411.18,,0
RALLY_PUT,0.25,earlier,slippage2,9411.18,,0
RALLY_PUT,0.25,earlier,tight_limit,9411.18,,0
RALLY_PUT,0.25,earlier,strict,,"['2026-04-02', 'ValueError:UNKNOWN_SOURCE_AUDIT:VOLUME_MISMATCH']",0
RALLY_PUT,0.25,earlier,delete_best,9411.18,,0
RALLY_PUT,0.25,recent,rest3,9411.18,,0
RALLY_PUT,0.25,recent,arrival_open,9411.18,,0
RALLY_PUT,0.25,recent,delay3,9411.18,,0
RALLY_PUT,0.25,recent,slippage2,9411.18,,0
RALLY_PUT,0.25,recent,tight_limit,9411.18,,0
RALLY_PUT,0.25,recent,strict,,"['2026-06-24', 'ValueError:UNKNOWN_SOURCE_AUDIT:VOLUME_MISMATCH']",0
RALLY_PUT,0.25,recent,delete_best,9411.18,,0
RALLY_PUT,0.50,validation,rest3,9411.18,,0
RALLY_PUT,0.50,validation,arrival_open,9411.18,,0
RALLY_PUT,0.50,validation,delay3,9411.18,,0
RALLY_PUT,0.50,validation,slippage2,9411.18,,0
RALLY_PUT,0.50,validation,tight_limit,9411.18,,0
RALLY_PUT,0.50,validation,strict,,"['2026-02-16', 'ValueError:UNKNOWN_SOURCE_AUDIT:VOLUME_MISMATCH']",0
RALLY_PUT,0.50,validation,delete_best,9411.18,,0
RALLY_PUT,0.50,earlier,rest3,5420.80,,0.4388535762784262972337156446
RALLY_PUT,0.50,earlier,arrival_open,5557.36,,0.4243431748197356760788764002
RALLY_PUT,0.50,earlier,delay3,5430.53,,0.4388557014104501242139667927
RALLY_PUT,0.50,earlier,slippage2,5414.30,,0.4388535762784262972337156446
RALLY_PUT,0.50,earlier,tight_limit,5589.87,,0.4208887727150049196806351595
RALLY_PUT,0.50,earlier,strict,,"['2026-04-02', 'ValueError:UNKNOWN_SOURCE_AUDIT:VOLUME_MISMATCH']",0
RALLY_PUT,0.50,earlier,delete_best,5420.80,,0.4388535762784262972337156446
RALLY_PUT,0.50,recent,rest3,9411.18,,0
RALLY_PUT,0.50,recent,arrival_open,9411.18,,0
RALLY_PUT,0.50,recent,delay3,9411.18,,0
RALLY_PUT,0.50,recent,slippage2,9411.18,,0
RALLY_PUT,0.50,recent,tight_limit,9411.18,,0
RALLY_PUT,0.50,recent,strict,,"['2026-06-24', 'ValueError:UNKNOWN_SOURCE_AUDIT:VOLUME_MISMATCH']",0
RALLY_PUT,0.50,recent,delete_best,9411.18,,0
RALLY_PUT,0.95,validation,rest3,6795.08,,0.3135472916254922337050189243
RALLY_PUT,0.95,validation,arrival_open,7331.55,,0.2565438127843692289383477949
RALLY_PUT,0.95,validation,delay3,6795.08,,0.3135472916254922337050189243
RALLY_PUT,0.95,validation,slippage2,6730.10,,0.3135451664934684067247677762
RALLY_PUT,0.95,validation,tight_limit,7133.22,,0.2776176844986494785988579541
RALLY_PUT,0.95,validation,strict,,"['2026-03-02', 'ValueError:UNKNOWN_SOURCE_AUDIT:VOLUME_MISMATCH']",0.3135472916254922337050189243
RALLY_PUT,0.95,validation,delete_best,6795.08,,0.3135472916254922337050189243
RALLY_PUT,0.95,earlier,rest3,1396.64,,0.8664471405286053396067230677
RALLY_PUT,0.95,earlier,arrival_open,1598.43,,0.8450056209742030223627642867
RALLY_PUT,0.95,earlier,delay3,1464.85,,0.8602353796229590763326171638
RALLY_PUT,0.95,earlier,slippage2,1351.17,,0.8705879602770322106260851455
RALLY_PUT,0.95,earlier,tight_limit,1037.62,,0.9045953854883234620950826570
RALLY_PUT,0.95,earlier,strict,,"['2026-04-02', 'ValueError:UNKNOWN_SOURCE_AUDIT:VOLUME_MISMATCH']",0
RALLY_PUT,0.95,earlier,delete_best,1396.64,,0.8664471405286053396067230677
RALLY_PUT,0.95,recent,rest3,5058.63,,0.4673218448696125246780956267
RALLY_PUT,0.95,recent,arrival_open,4915.82,,0.4776616747315426970900567198
RALLY_PUT,0.95,recent,delay3,4753.26,,0.4949347478212083925713884975
RALLY_PUT,0.95,recent,slippage2,5019.65,,0.4673197197375886976978444786
RALLY_PUT,0.95,recent,tight_limit,5078.38,,0.4603886016418770016087249420
RALLY_PUT,0.95,recent,strict,,"['2026-07-17', 'ValueError:UNKNOWN_SOURCE_AUDIT:VOLUME_MISMATCH']",0.4673218448696125246780956267
RALLY_PUT,0.95,recent,delete_best,5058.63,,0.4673218448696125246780956267
RALLY_CALL,0.25,validation,rest3,9411.18,,0
RALLY_CALL,0.25,validation,arrival_open,9411.18,,0
RALLY_CALL,0.25,validation,delay3,9411.18,,0
RALLY_CALL,0.25,validation,slippage2,9411.18,,0
RALLY_CALL,0.25,validation,tight_limit,9411.18,,0
RALLY_CALL,0.25,validation,strict,,"['2026-02-16', 'ValueError:UNKNOWN_SOURCE_AUDIT:VOLUME_MISMATCH']",0
RALLY_CALL,0.25,validation,delete_best,9411.18,,0
RALLY_CALL,0.25,earlier,rest3,9411.18,,0
RALLY_CALL,0.25,earlier,arrival_open,9411.18,,0
RALLY_CALL,0.25,earlier,delay3,9411.18,,0
RALLY_CALL,0.25,earlier,slippage2,9411.18,,0
RALLY_CALL,0.25,earlier,tight_limit,9411.18,,0
RALLY_CALL,0.25,earlier,strict,,"['2026-04-02', 'ValueError:UNKNOWN_SOURCE_AUDIT:VOLUME_MISMATCH']",0
RALLY_CALL,0.25,earlier,delete_best,9411.18,,0
RALLY_CALL,0.25,recent,rest3,9411.18,,0
RALLY_CALL,0.25,recent,arrival_open,9411.18,,0
RALLY_CALL,0.25,recent,delay3,9411.18,,0
RALLY_CALL,0.25,recent,slippage2,9411.18,,0
RALLY_CALL,0.25,recent,tight_limit,9411.18,,0
RALLY_CALL,0.25,recent,strict,,"['2026-06-24', 'ValueError:UNKNOWN_SOURCE_AUDIT:VOLUME_MISMATCH']",0
RALLY_CALL,0.25,recent,delete_best,9411.18,,0
RALLY_CALL,0.50,validation,rest3,9411.18,,0
RALLY_CALL,0.50,validation,arrival_open,9411.18,,0
RALLY_CALL,0.50,validation,delay3,9411.18,,0
RALLY_CALL,0.50,validation,slippage2,9411.18,,0
RALLY_CALL,0.50,validation,tight_limit,9411.18,,0
RALLY_CALL,0.50,validation,strict,,"['2026-02-16', 'ValueError:UNKNOWN_SOURCE_AUDIT:VOLUME_MISMATCH']",0
RALLY_CALL,0.50,validation,delete_best,9411.18,,0
RALLY_CALL,0.50,earlier,rest3,9411.18,,0
RALLY_CALL,0.50,earlier,arrival_open,9411.18,,0
RALLY_CALL,0.50,earlier,delay3,9411.18,,0
RALLY_CALL,0.50,earlier,slippage2,9411.18,,0
RALLY_CALL,0.50,earlier,tight_limit,9411.18,,0
RALLY_CALL,0.50,earlier,strict,,"['2026-04-02', 'ValueError:UNKNOWN_SOURCE_AUDIT:VOLUME_MISMATCH']",0
RALLY_CALL,0.50,earlier,delete_best,9411.18,,0
RALLY_CALL,0.50,recent,rest3,6755.47,,0.2849493899808525604653189079
RALLY_CALL,0.50,recent,arrival_open,6963.56,,0.2628384538389447444422484747
RALLY_CALL,0.50,recent,delay3,6537.81,,0.3053145301651865122120711749
RALLY_CALL,0.50,recent,slippage2,6742.47,,0.2849493899808525604653189079
RALLY_CALL,0.50,recent,tight_limit,6905.04,,0.2690565901406624886571078228
RALLY_CALL,0.50,recent,strict,,"['2026-06-24', 'ValueError:UNKNOWN_SOURCE_AUDIT:VOLUME_MISMATCH']",0
RALLY_CALL,0.50,recent,delete_best,6755.47,,0.2849493899808525604653189079
RALLY_CALL,0.95,validation,rest3,8014.13,,0.3929422240356682158879120365
RALLY_CALL,0.95,validation,arrival_open,8140.93,,0.3794688870046051610956330662
RALLY_CALL,0.95,validation,delay3,8014.13,,0.3929422240356682158879120365
RALLY_CALL,0.95,validation,slippage2,7949.17,,0.3929379737716205619274097403
RALLY_CALL,0.95,validation,tight_limit,8395.61,,0.4107688940175408397246678950
RALLY_CALL,0.95,validation,strict,,"['2026-02-16', 'ValueError:UNKNOWN_SOURCE_AUDIT:VOLUME_MISMATCH']",0
RALLY_CALL,0.95,validation,delete_best,8014.13,,0.3929422240356682158879120365
RALLY_CALL,0.95,earlier,rest3,15966.13,,0.4480288337912992844680475775
RALLY_CALL,0.95,earlier,arrival_open,16785.48,,0.4200450953015456085209293627
RALLY_CALL,0.95,earlier,delay3,14801.86,,0.4480288337912992844680475775
RALLY_CALL,0.95,earlier,slippage2,15754.96,,0.4480267086592754574877964294
RALLY_CALL,0.95,earlier,tight_limit,16430.13,,0.4705669214699963235215987793
RALLY_CALL,0.95,earlier,strict,,"['2026-04-02', 'ValueError:UNKNOWN_SOURCE_AUDIT:VOLUME_MISMATCH']",0
RALLY_CALL,0.95,earlier,delete_best,7628.95,,0.4480288337912992844680475775
RALLY_CALL,0.95,recent,rest3,4005.25,,0.5744157480783493674544531079
RALLY_CALL,0.95,recent,arrival_open,8588.91,,0.4748462859155342940157896282
RALLY_CALL,0.95,recent,delay3,3712.87,,0.6054830531346759917459872195
RALLY_CALL,0.95,recent,slippage2,3912.04,,0.5843199258753950089149288400
RALLY_CALL,0.95,recent,tight_limit,4554.73,,0.5160298708557269120344101377
RALLY_CALL,0.95,recent,strict,,"['2026-06-24', 'ValueError:UNKNOWN_SOURCE_AUDIT:VOLUME_MISMATCH']",0
RALLY_CALL,0.95,recent,delete_best,4005.25,,0.5744157480783493674544531079
TWO_SIDED_REVERSAL,0.25,validation,rest3,9411.18,,0
TWO_SIDED_REVERSAL,0.25,validation,arrival_open,9411.18,,0
TWO_SIDED_REVERSAL,0.25,validation,delay3,9411.18,,0
TWO_SIDED_REVERSAL,0.25,validation,slippage2,9411.18,,0
TWO_SIDED_REVERSAL,0.25,validation,tight_limit,9411.18,,0
TWO_SIDED_REVERSAL,0.25,validation,strict,,"['2026-01-08', 'ValueError:UNKNOWN_SOURCE_AUDIT:VOLUME_MISMATCH,OFF_TICK']",0
TWO_SIDED_REVERSAL,0.25,validation,delete_best,9411.18,,0
TWO_SIDED_REVERSAL,0.25,earlier,rest3,9411.18,,0
TWO_SIDED_REVERSAL,0.25,earlier,arrival_open,9411.18,,0
TWO_SIDED_REVERSAL,0.25,earlier,delay3,9411.18,,0
TWO_SIDED_REVERSAL,0.25,earlier,slippage2,9411.18,,0
TWO_SIDED_REVERSAL,0.25,earlier,tight_limit,9411.18,,0
TWO_SIDED_REVERSAL,0.25,earlier,strict,,"['2026-03-23', 'ValueError:UNKNOWN_SOURCE_AUDIT:VOLUME_MISMATCH,OFF_TICK']",0
TWO_SIDED_REVERSAL,0.25,earlier,delete_best,9411.18,,0
TWO_SIDED_REVERSAL,0.25,recent,rest3,9411.18,,0
TWO_SIDED_REVERSAL,0.25,recent,arrival_open,9411.18,,0
TWO_SIDED_REVERSAL,0.25,recent,delay3,9411.18,,0
TWO_SIDED_REVERSAL,0.25,recent,slippage2,9411.18,,0
TWO_SIDED_REVERSAL,0.25,recent,tight_limit,9411.18,,0
TWO_SIDED_REVERSAL,0.25,recent,strict,,"['2026-06-23', 'ValueError:UNKNOWN_SOURCE_AUDIT:VOLUME_MISMATCH']",0
TWO_SIDED_REVERSAL,0.25,recent,delete_best,9411.18,,0
TWO_SIDED_REVERSAL,0.50,validation,rest3,7236.13,,0.2311134204212436697629840254
TWO_SIDED_REVERSAL,0.50,validation,arrival_open,7281.66,,0.2307648987693360450017957366
TWO_SIDED_REVERSAL,0.50,validation,delay3,7219.89,,0.2373283690249256735074666514
TWO_SIDED_REVERSAL,0.50,validation,slippage2,7216.64,,0.2331843615784630620177278513
TWO_SIDED_REVERSAL,0.50,validation,tight_limit,7362.97,,0.2221251745264674567907531255
TWO_SIDED_REVERSAL,0.50,validation,strict,,"['2026-01-08', 'ValueError:UNKNOWN_SOURCE_AUDIT:VOLUME_MISMATCH,OFF_TICK']",0
TWO_SIDED_REVERSAL,0.50,validation,delete_best,7236.13,,0.2311134204212436697629840254
TWO_SIDED_REVERSAL,0.50,earlier,rest3,5420.80,,0.4388535762784262972337156446
TWO_SIDED_REVERSAL,0.50,earlier,arrival_open,5557.36,,0.4243431748197356760788764002
TWO_SIDED_REVERSAL,0.50,earlier,delay3,5430.53,,0.4388557014104501242139667927
TWO_SIDED_REVERSAL,0.50,earlier,slippage2,5414.30,,0.4388535762784262972337156446
TWO_SIDED_REVERSAL,0.50,earlier,tight_limit,5589.87,,0.4208887727150049196806351595
TWO_SIDED_REVERSAL,0.50,earlier,strict,,"['2026-03-23', 'ValueError:UNKNOWN_SOURCE_AUDIT:VOLUME_MISMATCH,OFF_TICK']",0
TWO_SIDED_REVERSAL,0.50,earlier,delete_best,5420.80,,0.4388535762784262972337156446
TWO_SIDED_REVERSAL,0.50,recent,rest3,9411.18,,0
TWO_SIDED_REVERSAL,0.50,recent,arrival_open,9411.18,,0
TWO_SIDED_REVERSAL,0.50,recent,delay3,9411.18,,0
TWO_SIDED_REVERSAL,0.50,recent,slippage2,9411.18,,0
TWO_SIDED_REVERSAL,0.50,recent,tight_limit,9411.18,,0
TWO_SIDED_REVERSAL,0.50,recent,strict,,"['2026-06-23', 'ValueError:UNKNOWN_SOURCE_AUDIT:VOLUME_MISMATCH']",0
TWO_SIDED_REVERSAL,0.50,recent,delete_best,9411.18,,0
TWO_SIDED_REVERSAL,0.95,validation,rest3,8453.62,,0.6513465899068979660361399952
TWO_SIDED_REVERSAL,0.95,validation,arrival_open,8505.91,,0.6278415671573596509683164067
TWO_SIDED_REVERSAL,0.95,validation,delay3,8369.16,,0.6547956791815691549837533657
TWO_SIDED_REVERSAL,0.95,validation,slippage2,8252.22,,0.6544482200956734437126906509
TWO_SIDED_REVERSAL,0.95,validation,tight_limit,9278.80,,0.6815967817000631164211076613
TWO_SIDED_REVERSAL,0.95,validation,strict,,"['2026-01-08', 'ValueError:UNKNOWN_SOURCE_AUDIT:VOLUME_MISMATCH,OFF_TICK']",0
TWO_SIDED_REVERSAL,0.95,validation,delete_best,5301.92,,0.4366360010115628433416425995
TWO_SIDED_REVERSAL,0.95,earlier,rest3,3650.92,,0.8317399756545120909867189913
TWO_SIDED_REVERSAL,0.95,earlier,arrival_open,5201.54,,0.7690551968894038088224804961
TWO_SIDED_REVERSAL,0.95,earlier,delay3,3566.46,,0.8391609371715111073044250130
TWO_SIDED_REVERSAL,0.95,earlier,slippage2,9751.87,,0.5912217331014433663967654323
TWO_SIDED_REVERSAL,0.95,earlier,tight_limit,1037.62,,0.9045953854883234620950826570
TWO_SIDED_REVERSAL,0.95,earlier,strict,,"['2026-03-23', 'ValueError:UNKNOWN_SOURCE_AUDIT:VOLUME_MISMATCH,OFF_TICK']",0
TWO_SIDED_REVERSAL,0.95,earlier,delete_best,2427.37,,0.8846252274278654613314230690
TWO_SIDED_REVERSAL,0.95,recent,rest3,12511.87,,0.3066731023291727298069800321
TWO_SIDED_REVERSAL,0.95,recent,arrival_open,16020.92,,0.2145628922196791475670426025
TWO_SIDED_REVERSAL,0.95,recent,delay3,12511.87,,0.3066731023291727298069800321
TWO_SIDED_REVERSAL,0.95,recent,slippage2,11634.82,,0.3115048228478562903793344869
TWO_SIDED_REVERSAL,0.95,recent,tight_limit,16004.68,,0.2394364999925620379166055691
TWO_SIDED_REVERSAL,0.95,recent,strict,,"['2026-06-23', 'ValueError:UNKNOWN_SOURCE_AUDIT:VOLUME_MISMATCH']",0
TWO_SIDED_REVERSAL,0.95,recent,delete_best,5058.63,,0.4673218448696125246780956267
TWO_SIDED_CONTINUATION,0.25,validation,rest3,11088.84,,0.0672699916482311463599676130
TWO_SIDED_CONTINUATION,0.25,validation,arrival_open,10988.22,,0.0551694899045603208099303169
TWO_SIDED_CONTINUATION,0.25,validation,delay3,11062.85,,0.0672689290822192328698420389
TWO_SIDED_CONTINUATION,0.25,validation,slippage2,11053.10,,0.0672689290822192328698420389
TWO_SIDED_CONTINUATION,0.25,validation,tight_limit,10981.68,,0.0593177476150705862601714131
TWO_SIDED_CONTINUATION,0.25,validation,strict,,"['2026-01-08', 'ValueError:UNKNOWN_SOURCE_AUDIT:VOLUME_MISMATCH,OFF_TICK']",0
TWO_SIDED_CONTINUATION,0.25,validation,delete_best,9411.18,,0
TWO_SIDED_CONTINUATION,0.25,earlier,rest3,9411.18,,0
TWO_SIDED_CONTINUATION,0.25,earlier,arrival_open,9411.18,,0
TWO_SIDED_CONTINUATION,0.25,earlier,delay3,9411.18,,0
TWO_SIDED_CONTINUATION,0.25,earlier,slippage2,9411.18,,0
TWO_SIDED_CONTINUATION,0.25,earlier,tight_limit,8169.97,,0.1819601792761375300440539869
TWO_SIDED_CONTINUATION,0.25,earlier,strict,,"['2026-03-23', 'ValueError:UNKNOWN_SOURCE_AUDIT:VOLUME_MISMATCH,OFF_TICK']",0
TWO_SIDED_CONTINUATION,0.25,earlier,delete_best,9411.18,,0
TWO_SIDED_CONTINUATION,0.25,recent,rest3,9411.18,,0
TWO_SIDED_CONTINUATION,0.25,recent,arrival_open,9411.18,,0
TWO_SIDED_CONTINUATION,0.25,recent,delay3,9411.18,,0
TWO_SIDED_CONTINUATION,0.25,recent,slippage2,9411.18,,0
TWO_SIDED_CONTINUATION,0.25,recent,tight_limit,9411.18,,0
TWO_SIDED_CONTINUATION,0.25,recent,strict,,"['2026-06-23', 'ValueError:UNKNOWN_SOURCE_AUDIT:VOLUME_MISMATCH']",0
TWO_SIDED_CONTINUATION,0.25,recent,delete_best,9411.18,,0
TWO_SIDED_CONTINUATION,0.50,validation,rest3,9468.82,,0.2555116302474493967870576543
TWO_SIDED_CONTINUATION,0.50,validation,arrival_open,9336.11,,0.2395378634165493052393562213
TWO_SIDED_CONTINUATION,0.50,validation,delay3,9701.71,,0.2535389099280292130301440185
TWO_SIDED_CONTINUATION,0.50,validation,slippage2,9371.35,,0.2592011433693824587975175351
TWO_SIDED_CONTINUATION,0.50,validation,tight_limit,10577.24,,0.2268427215805177850646683108
TWO_SIDED_CONTINUATION,0.50,validation,strict,,"['2026-01-08', 'ValueError:UNKNOWN_SOURCE_AUDIT:VOLUME_MISMATCH,OFF_TICK']",0
TWO_SIDED_CONTINUATION,0.50,validation,delete_best,9411.18,,0
TWO_SIDED_CONTINUATION,0.50,earlier,rest3,11001.02,,0.2986511787044770156345962993
TWO_SIDED_CONTINUATION,0.50,earlier,arrival_open,12509.82,,0.2750834645602358046493638417
TWO_SIDED_CONTINUATION,0.50,earlier,delay3,11001.02,,0.2986511787044770156345962993
TWO_SIDED_CONTINUATION,0.50,earlier,slippage2,10945.79,,0.2986490535724531886543451512
TWO_SIDED_CONTINUATION,0.50,earlier,tight_limit,22071.41,,0.3017751227795026766037840101
TWO_SIDED_CONTINUATION,0.50,earlier,strict,,"['2026-03-23', 'ValueError:UNKNOWN_SOURCE_AUDIT:VOLUME_MISMATCH,OFF_TICK']",0
TWO_SIDED_CONTINUATION,0.50,earlier,delete_best,9411.18,,0
TWO_SIDED_CONTINUATION,0.50,recent,rest3,6755.47,,0.2849493899808525604653189079
TWO_SIDED_CONTINUATION,0.50,recent,arrival_open,6963.56,,0.2628384538389447444422484747
TWO_SIDED_CONTINUATION,0.50,recent,delay3,6537.81,,0.3053145301651865122120711749
TWO_SIDED_CONTINUATION,0.50,recent,slippage2,6742.47,,0.2849493899808525604653189079
TWO_SIDED_CONTINUATION,0.50,recent,tight_limit,6905.04,,0.2690565901406624886571078228
TWO_SIDED_CONTINUATION,0.50,recent,strict,,"['2026-06-23', 'ValueError:UNKNOWN_SOURCE_AUDIT:VOLUME_MISMATCH']",0
TWO_SIDED_CONTINUATION,0.50,recent,delete_best,6755.47,,0.2849493899808525604653189079
TWO_SIDED_CONTINUATION,0.95,validation,rest3,3744.00,,0.7293888481317783792965121952
TWO_SIDED_CONTINUATION,0.95,validation,arrival_open,3970.16,,0.7066624108570432171556414599
TWO_SIDED_CONTINUATION,0.95,validation,delay3,3837.21,,0.7207504466511172645666483518
TWO_SIDED_CONTINUATION,0.95,validation,slippage2,3558.84,,0.7410085764291926076056225280
TWO_SIDED_CONTINUATION,0.95,validation,tight_limit,4646.02,,0.6879503646775209822975341689
TWO_SIDED_CONTINUATION,0.95,validation,strict,,"['2026-01-08', 'ValueError:UNKNOWN_SOURCE_AUDIT:VOLUME_MISMATCH,OFF_TICK']",0
TWO_SIDED_CONTINUATION,0.95,validation,delete_best,5015.11,,0.4684927926147411907964782312
TWO_SIDED_CONTINUATION,0.95,earlier,rest3,15923.89,,0.7667710106490365713969980385
TWO_SIDED_CONTINUATION,0.95,earlier,arrival_open,19667.92,,0.6991960625553862533709906728
TWO_SIDED_CONTINUATION,0.95,earlier,delay3,14756.37,,0.7671163446029084556878096052
TWO_SIDED_CONTINUATION,0.95,earlier,slippage2,15657.50,,0.7712550392193114997269205349
TWO_SIDED_CONTINUATION,0.95,earlier,tight_limit,19341.46,,0.7279990394403252302049264811
TWO_SIDED_CONTINUATION,0.95,earlier,strict,,"['2026-03-23', 'ValueError:UNKNOWN_SOURCE_AUDIT:VOLUME_MISMATCH,OFF_TICK']",0
TWO_SIDED_CONTINUATION,0.95,earlier,delete_best,7586.71,,0.7667710106490365713969980385
TWO_SIDED_CONTINUATION,0.95,recent,rest3,2404.93,,0.7472229837278640935568122170
TWO_SIDED_CONTINUATION,0.95,recent,arrival_open,2668.30,,0.7192381826720985041195684282
TWO_SIDED_CONTINUATION,0.95,recent,delay3,1977.11,,0.7899190112185719537826287458
TWO_SIDED_CONTINUATION,0.95,recent,slippage2,2349.70,,0.7517101999961747623571114355
TWO_SIDED_CONTINUATION,0.95,recent,tight_limit,2954.82,,0.7226362687781978455411542442
TWO_SIDED_CONTINUATION,0.95,recent,strict,,"['2026-06-30', 'ValueError:UNKNOWN_SOURCE_AUDIT:VOLUME_MISMATCH']",0.4657269332857303759996089757
TWO_SIDED_CONTINUATION,0.95,recent,delete_best,2404.93,,0.7472229837278640935568122170
TREND_PULLBACK,0.25,validation,rest3,9411.18,,0
TREND_PULLBACK,0.25,validation,arrival_open,9411.18,,0
TREND_PULLBACK,0.25,validation,delay3,9411.18,,0
TREND_PULLBACK,0.25,validation,slippage2,9411.18,,0
TREND_PULLBACK,0.25,validation,tight_limit,9411.18,,0
TREND_PULLBACK,0.25,validation,strict,,"['2026-01-08', 'ValueError:UNKNOWN_SOURCE_AUDIT:VOLUME_MISMATCH,OFF_TICK']",0
TREND_PULLBACK,0.25,validation,delete_best,9411.18,,0
TREND_PULLBACK,0.25,earlier,rest3,9411.18,,0
TREND_PULLBACK,0.25,earlier,arrival_open,9411.18,,0
TREND_PULLBACK,0.25,earlier,delay3,9411.18,,0
TREND_PULLBACK,0.25,earlier,slippage2,9411.18,,0
TREND_PULLBACK,0.25,earlier,tight_limit,9411.18,,0
TREND_PULLBACK,0.25,earlier,strict,,"['2026-04-02', 'ValueError:UNKNOWN_SOURCE_AUDIT:VOLUME_MISMATCH']",0
TREND_PULLBACK,0.25,earlier,delete_best,9411.18,,0
TREND_PULLBACK,0.25,recent,rest3,9411.18,,0
TREND_PULLBACK,0.25,recent,arrival_open,9411.18,,0
TREND_PULLBACK,0.25,recent,delay3,9411.18,,0
TREND_PULLBACK,0.25,recent,slippage2,9411.18,,0
TREND_PULLBACK,0.25,recent,tight_limit,9411.18,,0
TREND_PULLBACK,0.25,recent,strict,,"['2026-06-23', 'ValueError:UNKNOWN_SOURCE_AUDIT:VOLUME_MISMATCH']",0
TREND_PULLBACK,0.25,recent,delete_best,9411.18,,0
TREND_PULLBACK,0.50,validation,rest3,7236.13,,0.2311134204212436697629840254
TREND_PULLBACK,0.50,validation,arrival_open,7281.66,,0.2307648987693360450017957366
TREND_PULLBACK,0.50,validation,delay3,7219.89,,0.2373283690249256735074666514
TREND_PULLBACK,0.50,validation,slippage2,7216.64,,0.2331843615784630620177278513
TREND_PULLBACK,0.50,validation,tight_limit,7362.97,,0.2221251745264674567907531255
TREND_PULLBACK,0.50,validation,strict,,"['2026-01-08', 'ValueError:UNKNOWN_SOURCE_AUDIT:VOLUME_MISMATCH,OFF_TICK']",0
TREND_PULLBACK,0.50,validation,delete_best,7236.13,,0.2311134204212436697629840254
TREND_PULLBACK,0.50,earlier,rest3,5420.80,,0.4388535762784262972337156446
TREND_PULLBACK,0.50,earlier,arrival_open,5557.36,,0.4243431748197356760788764002
TREND_PULLBACK,0.50,earlier,delay3,5430.53,,0.4388557014104501242139667927
TREND_PULLBACK,0.50,earlier,slippage2,5414.30,,0.4388535762784262972337156446
TREND_PULLBACK,0.50,earlier,tight_limit,5589.87,,0.4208887727150049196806351595
TREND_PULLBACK,0.50,earlier,strict,,"['2026-04-02', 'ValueError:UNKNOWN_SOURCE_AUDIT:VOLUME_MISMATCH']",0
TREND_PULLBACK,0.50,earlier,delete_best,5420.80,,0.4388535762784262972337156446
TREND_PULLBACK,0.50,recent,rest3,9411.18,,0
TREND_PULLBACK,0.50,recent,arrival_open,9411.18,,0
TREND_PULLBACK,0.50,recent,delay3,9411.18,,0
TREND_PULLBACK,0.50,recent,slippage2,9411.18,,0
TREND_PULLBACK,0.50,recent,tight_limit,9411.18,,0
TREND_PULLBACK,0.50,recent,strict,,"['2026-06-23', 'ValueError:UNKNOWN_SOURCE_AUDIT:VOLUME_MISMATCH']",0
TREND_PULLBACK,0.50,recent,delete_best,9411.18,,0
TREND_PULLBACK,0.95,validation,rest3,8453.62,,0.6513465899068979660361399952
TREND_PULLBACK,0.95,validation,arrival_open,8505.91,,0.6278415671573596509683164067
TREND_PULLBACK,0.95,validation,delay3,8369.16,,0.6547956791815691549837533657
TREND_PULLBACK,0.95,validation,slippage2,8252.22,,0.6544482200956734437126906509
TREND_PULLBACK,0.95,validation,tight_limit,9278.80,,0.6815967817000631164211076613
TREND_PULLBACK,0.95,validation,strict,,"['2026-01-08', 'ValueError:UNKNOWN_SOURCE_AUDIT:VOLUME_MISMATCH,OFF_TICK']",0
TREND_PULLBACK,0.95,validation,delete_best,5301.92,,0.4366360010115628433416425995
TREND_PULLBACK,0.95,earlier,rest3,6990.11,,0.6887424610999616403549142205
TREND_PULLBACK,0.95,earlier,arrival_open,8746.74,,0.6285223528468216784852596192
TREND_PULLBACK,0.95,earlier,delay3,7064.84,,0.6882144372930477269870017667
TREND_PULLBACK,0.95,earlier,slippage2,6304.66,,0.7111426710021361531466502833
TREND_PULLBACK,0.95,earlier,tight_limit,4420.77,,0.7765920297010678416098994648
TREND_PULLBACK,0.95,earlier,strict,,"['2026-04-02', 'ValueError:UNKNOWN_SOURCE_AUDIT:VOLUME_MISMATCH']",0
TREND_PULLBACK,0.95,earlier,delete_best,4984.45,,0.6728189240269345795288159888
TREND_PULLBACK,0.95,recent,rest3,12961.61,,0.3066731023291727298069800321
TREND_PULLBACK,0.95,recent,arrival_open,15717.79,,0.2145628922196791475670426025
TREND_PULLBACK,0.95,recent,delay3,12961.61,,0.3066731023291727298069800321
TREND_PULLBACK,0.95,recent,slippage2,12229.52,,0.3115048228478562903793344869
TREND_PULLBACK,0.95,recent,tight_limit,15841.36,,0.2394364999925620379166055691
TREND_PULLBACK,0.95,recent,strict,,"['2026-06-23', 'ValueError:UNKNOWN_SOURCE_AUDIT:VOLUME_MISMATCH']",0
TREND_PULLBACK,0.95,recent,delete_best,5058.63,,0.4673218448696125246780956267
TREND_CONTINUATION,0.25,validation,rest3,9411.18,,0
TREND_CONTINUATION,0.25,validation,arrival_open,9411.18,,0
TREND_CONTINUATION,0.25,validation,delay3,9411.18,,0
TREND_CONTINUATION,0.25,validation,slippage2,9411.18,,0
TREND_CONTINUATION,0.25,validation,tight_limit,9411.18,,0
TREND_CONTINUATION,0.25,validation,strict,,"['2026-01-20', 'ValueError:UNKNOWN_SOURCE_AUDIT:VOLUME_MISMATCH']",0
TREND_CONTINUATION,0.25,validation,delete_best,9411.18,,0
TREND_CONTINUATION,0.25,earlier,rest3,9411.18,,0
TREND_CONTINUATION,0.25,earlier,arrival_open,9411.18,,0
TREND_CONTINUATION,0.25,earlier,delay3,9411.18,,0
TREND_CONTINUATION,0.25,earlier,slippage2,9411.18,,0
TREND_CONTINUATION,0.25,earlier,tight_limit,8169.97,,0.1819601792761375300440539869
TREND_CONTINUATION,0.25,earlier,strict,,"['2026-03-23', 'ValueError:UNKNOWN_SOURCE_AUDIT:VOLUME_MISMATCH,OFF_TICK']",0
TREND_CONTINUATION,0.25,earlier,delete_best,9411.18,,0
TREND_CONTINUATION,0.25,recent,rest3,9411.18,,0
TREND_CONTINUATION,0.25,recent,arrival_open,9411.18,,0
TREND_CONTINUATION,0.25,recent,delay3,9411.18,,0
TREND_CONTINUATION,0.25,recent,slippage2,9411.18,,0
TREND_CONTINUATION,0.25,recent,tight_limit,9411.18,,0
TREND_CONTINUATION,0.25,recent,strict,9411.18,,0
TREND_CONTINUATION,0.25,recent,delete_best,9411.18,,0
TREND_CONTINUATION,0.50,validation,rest3,9411.18,,0
TREND_CONTINUATION,0.50,validation,arrival_open,9411.18,,0
TREND_CONTINUATION,0.50,validation,delay3,9411.18,,0
TREND_CONTINUATION,0.50,validation,slippage2,9411.18,,0
TREND_CONTINUATION,0.50,validation,tight_limit,9411.18,,0
TREND_CONTINUATION,0.50,validation,strict,,"['2026-01-20', 'ValueError:UNKNOWN_SOURCE_AUDIT:VOLUME_MISMATCH']",0
TREND_CONTINUATION,0.50,validation,delete_best,9411.18,,0
TREND_CONTINUATION,0.50,earlier,rest3,11001.02,,0.2986511787044770156345962993
TREND_CONTINUATION,0.50,earlier,arrival_open,12509.82,,0.2750834645602358046493638417
TREND_CONTINUATION,0.50,earlier,delay3,11001.02,,0.2986511787044770156345962993
TREND_CONTINUATION,0.50,earlier,slippage2,10945.79,,0.2986490535724531886543451512
TREND_CONTINUATION,0.50,earlier,tight_limit,13483.87,,0.3017751227795026766037840101
TREND_CONTINUATION,0.50,earlier,strict,,"['2026-03-23', 'ValueError:UNKNOWN_SOURCE_AUDIT:VOLUME_MISMATCH,OFF_TICK']",0
TREND_CONTINUATION,0.50,earlier,delete_best,9411.18,,0
TREND_CONTINUATION,0.50,recent,rest3,9411.18,,0
TREND_CONTINUATION,0.50,recent,arrival_open,9411.18,,0
TREND_CONTINUATION,0.50,recent,delay3,9411.18,,0
TREND_CONTINUATION,0.50,recent,slippage2,9411.18,,0
TREND_CONTINUATION,0.50,recent,tight_limit,9411.18,,0
TREND_CONTINUATION,0.50,recent,strict,9411.18,,0
TREND_CONTINUATION,0.50,recent,delete_best,9411.18,,0
TREND_CONTINUATION,0.95,validation,rest3,5015.11,,0.4684927926147411907964782312
TREND_CONTINUATION,0.95,validation,arrival_open,5647.92,,0.4399299556484946627309221585
TREND_CONTINUATION,0.95,validation,delay3,4933.90,,0.4805752307362094870143807684
TREND_CONTINUATION,0.95,validation,slippage2,4976.14,,0.4712522765476805246525940424
TREND_CONTINUATION,0.95,validation,tight_limit,5576.39,,0.4475304903317118575991533474
TREND_CONTINUATION,0.95,validation,strict,,"['2026-01-23', 'ValueError:UNKNOWN_SOURCE_AUDIT:VOLUME_MISMATCH']",0
TREND_CONTINUATION,0.95,validation,delete_best,5015.11,,0.4684927926147411907964782312
TREND_CONTINUATION,0.95,earlier,rest3,10002.19,,0.5101103156033568585448370980
TREND_CONTINUATION,0.95,earlier,arrival_open,11754.88,,0.4554476696864792725248056035
TREND_CONTINUATION,0.95,earlier,delay3,10002.19,,0.5101103156033568585448370980
TREND_CONTINUATION,0.95,earlier,slippage2,9872.24,,0.5163210139429912083288174278
TREND_CONTINUATION,0.95,earlier,tight_limit,11915.28,,0.4705669214699963235215987793
TREND_CONTINUATION,0.95,earlier,strict,,"['2026-03-23', 'ValueError:UNKNOWN_SOURCE_AUDIT:VOLUME_MISMATCH,OFF_TICK']",0
TREND_CONTINUATION,0.95,earlier,delete_best,7628.95,,0.4480288337912992844680475775
TREND_CONTINUATION,0.95,recent,rest3,6728.72,,0.3920826081320302023763226290
TREND_CONTINUATION,0.95,recent,arrival_open,7135.15,,0.3488967377098302232026164625
TREND_CONTINUATION,0.95,recent,delay3,6728.72,,0.3920826081320302023763226290
TREND_CONTINUATION,0.95,recent,slippage2,6673.49,,0.3920804830000063753960714809
TREND_CONTINUATION,0.95,recent,tight_limit,7037.60,,0.3592620691560463193775913329
TREND_CONTINUATION,0.95,recent,strict,6728.72,,0.3920826081320302023763226290
TREND_CONTINUATION,0.95,recent,delete_best,6728.72,,0.3920826081320302023763226290
