COMPLETED_CLOSE_2X,COMPLETED_CLOSE_HALF_LOSS,DELETED_BEST_DAY,FILTERED_NOT_CHEAP,NO_FILL,PARTIAL_ENTRY_UNWIND,RESOLVED,TIMED_CLOSE,UNAFFORDABLE_OR_PAST_CAPACITY,exposure_minutes,final_bankroll,first_double_date,last_resolved_bankroll,losses,max_drawdown,period,quality,scenario,signals,strategy,trades,unknown,wins
,,,,5,8,8,,,8,3658.90,,3658.90,8,0.6112177219009730979537103743,earlier,reported,primary,13,EXPIRY_STRADDLE_1445,8,,
,,,,2,9,9,,2,9,2142.47,,2142.47,9,0.7723484196455704810661362337,earlier,reported,delay2,13,EXPIRY_STRADDLE_1445,9,,
,,,,1,12,12,,,12,2268.35,,2268.35,12,0.7589728386876034673654100761,earlier,reported,delay3,13,EXPIRY_STRADDLE_1445,12,,
,2,,,,8,10,,3,55,2109.67,,2109.67,10,0.7758336361646467286780191219,earlier,reported,open_plus_1pct,13,EXPIRY_STRADDLE_1445,10,,
,,,,5,8,8,,,8,3548.45,,3548.45,8,0.6229537635025575963906757707,earlier,reported,exit_haircut_1pct,13,EXPIRY_STRADDLE_1445,8,,
,,,,5,8,8,,,8,3658.90,,3658.90,8,0.6112177219009730979537103743,earlier,reported,delete_best,13,EXPIRY_STRADDLE_1445,8,,
,,,,1,11,11,,1,11,1973.80,,1973.80,11,0.7964632158151937971706138999,earlier,reported,primary,13,EXPIRY_STRADDLE_1500,11,,
,1,,,,10,11,,2,16,1543.47,,1543.47,11,0.8359961237591885395880219059,earlier,reported,delay2,13,EXPIRY_STRADDLE_1500,11,,
,1,,,,10,11,,2,19,1491.19,,1491.19,11,0.8415512188694722659645230460,earlier,reported,delay3,13,EXPIRY_STRADDLE_1500,11,,
,,,,,12,13,1,,36,5497.02,,5497.02,10,0.4989983649378512330410150874,earlier,reported,open_plus_1pct,13,EXPIRY_STRADDLE_1500,13,,3
,,,,1,11,11,,1,11,1895.82,,1895.82,11,0.8045044552673830704995406037,earlier,reported,exit_haircut_1pct,13,EXPIRY_STRADDLE_1500,11,,
,,,,1,11,11,,1,11,1973.80,,1973.80,11,0.7964632158151937971706138999,earlier,reported,delete_best,13,EXPIRY_STRADDLE_1500,11,,
,,,,1,12,12,,,12,3030.60,,3030.60,12,0.7321610851426556406048249184,earlier,reported,primary,13,EXPIRY_STRADDLE_1515,12,,
,,,,2,11,11,,,11,3902.41,,3902.41,11,0.5853431769448676999058566513,earlier,reported,delay2,13,EXPIRY_STRADDLE_1515,11,,
,,,,,12,13,1,,19,4638.79,,4638.79,13,0.5070979409595821140388346626,earlier,reported,delay3,13,EXPIRY_STRADDLE_1515,13,,
,,,,,11,13,2,,29,2242.17,,2242.17,12,0.8012126703572226497529975424,earlier,reported,open_plus_1pct,13,EXPIRY_STRADDLE_1515,13,,1
,,,,1,12,12,,,12,2805.28,,2805.28,12,0.7520744568497950951877196750,earlier,reported,exit_haircut_1pct,13,EXPIRY_STRADDLE_1515,12,,
,,,,1,12,12,,,12,3030.60,,3030.60,12,0.7321610851426556406048249184,earlier,reported,delete_best,13,EXPIRY_STRADDLE_1515,12,,
,4,,,,9,13,,,23,158.12,,158.12,13,0.9835186769912934169560001209,earlier,reported,primary,13,EXPIRY_STRANGLE_1500,13,,
,6,,,,7,13,,,34,318.61,,318.61,13,0.9661455842944242911090851519,earlier,reported,delay2,13,EXPIRY_STRANGLE_1500,13,,
1,7,,,,5,13,,,60,294.93,,294.93,13,0.9686617406106354357264445054,earlier,reported,delay3,13,EXPIRY_STRANGLE_1500,13,,
,6,,,,7,13,,,45,289.68,,289.68,13,0.9715053811037238359139613599,earlier,reported,open_plus_1pct,13,EXPIRY_STRANGLE_1500,13,,
,4,,,,8,12,,1,22,172.19,,172.19,12,0.9820521185879763057529323351,earlier,reported,exit_haircut_1pct,13,EXPIRY_STRANGLE_1500,12,,
,4,,,,9,13,,,23,158.12,,158.12,13,0.9835186769912934169560001209,earlier,reported,delete_best,13,EXPIRY_STRANGLE_1500,13,,
,6,,,,1,7,,6,29,150.56,,150.56,7,0.9840020061246304926693570838,earlier,reported,primary,13,EXPIRY_STRANGLE_1515,7,,
,6,,,,1,7,,6,37,133.31,,133.31,7,0.9858349324951812631359723223,earlier,reported,delay2,13,EXPIRY_STRANGLE_1515,7,,
,5,,,,,5,,8,30,161.33,,161.33,5,0.9828576225297996638041138306,earlier,reported,delay3,13,EXPIRY_STRANGLE_1515,5,,
,5,,,,1,6,,7,21,128.89,,128.89,6,0.9863045866724470257714760530,earlier,reported,open_plus_1pct,13,EXPIRY_STRANGLE_1515,6,,
,4,,,,1,5,,8,21,139.39,,139.39,5,0.9851888923599378611396232991,earlier,reported,exit_haircut_1pct,13,EXPIRY_STRANGLE_1515,5,,
,6,,,,1,7,,6,29,150.56,,150.56,7,0.9840020061246304926693570838,earlier,reported,delete_best,13,EXPIRY_STRANGLE_1515,7,,
,,,10,,3,3,,,3,7408.23,,7408.23,3,0.2340856457549315578346635788,earlier,reported,primary,3,EXPIRY_CHEAP_STRADDLE_1500,3,,
,,,10,,3,3,,,3,6986.67,,6986.67,3,0.2576201921544375944355543088,earlier,reported,delay2,3,EXPIRY_CHEAP_STRADDLE_1500,3,,
,,,10,,3,3,,,3,7336.76,,7336.76,3,0.2204208186433582186293323473,earlier,reported,delay3,3,EXPIRY_CHEAP_STRADDLE_1500,3,,
,,,10,,2,3,1,,26,10753.76,,10753.76,2,0.2028266373951028619346572187,earlier,reported,open_plus_1pct,3,EXPIRY_CHEAP_STRADDLE_1500,3,,1
,,,10,,3,3,,,3,7365.98,,7365.98,3,0.2384537446755717298705595302,earlier,reported,exit_haircut_1pct,3,EXPIRY_CHEAP_STRADDLE_1500,3,,
,,,10,,3,3,,,3,7408.23,,7408.23,3,0.2340856457549315578346635788,earlier,reported,delete_best,3,EXPIRY_CHEAP_STRADDLE_1500,3,,
,,,46,,,,,,,9411.18,,9411.18,,0,earlier,reported,primary,,ORDINARY_CHEAP_STRADDLE_1000,,,
,,,46,,,,,,,9411.18,,9411.18,,0,earlier,reported,delay2,,ORDINARY_CHEAP_STRADDLE_1000,,,
,,,46,,,,,,,9411.18,,9411.18,,0,earlier,reported,delay3,,ORDINARY_CHEAP_STRADDLE_1000,,,
,,,46,,,,,,,9411.18,,9411.18,,0,earlier,reported,open_plus_1pct,,ORDINARY_CHEAP_STRADDLE_1000,,,
,,,46,,,,,,,9411.18,,9411.18,,0,earlier,reported,exit_haircut_1pct,,ORDINARY_CHEAP_STRADDLE_1000,,,
,,,46,,,,,,,9411.18,,9411.18,,0,earlier,reported,delete_best,,ORDINARY_CHEAP_STRADDLE_1000,,,
,,,,1,,,,,,9411.18,,9411.18,,0,earlier,reported,primary,1,EXPIRY_LATE_OI_EVACUATION,,,
,,,,1,,,,,,9411.18,,9411.18,,0,earlier,reported,delay2,1,EXPIRY_LATE_OI_EVACUATION,,,
,,,,1,,,,,,9411.18,,9411.18,,0,earlier,reported,delay3,1,EXPIRY_LATE_OI_EVACUATION,,,
,,,,1,,,,,,9411.18,,9411.18,,0,earlier,reported,open_plus_1pct,1,EXPIRY_LATE_OI_EVACUATION,,,
,,,,1,,,,,,9411.18,,9411.18,,0,earlier,reported,exit_haircut_1pct,1,EXPIRY_LATE_OI_EVACUATION,,,
,,,,1,,,,,,9411.18,,9411.18,,0,earlier,reported,delete_best,1,EXPIRY_LATE_OI_EVACUATION,,,
,,,,6,6,6,,1,6,6561.01,,6561.01,6,0.3028493770175472151207393759,recent,reported,primary,13,EXPIRY_STRADDLE_1445,6,,
,,,,,8,8,,5,8,4217.92,,4217.92,8,0.5518181567029851729538697592,recent,reported,delay2,13,EXPIRY_STRADDLE_1445,8,,
,,,,2,9,9,,2,9,5171.63,,5171.63,9,0.4504801735807837061877469138,recent,reported,delay3,13,EXPIRY_STRADDLE_1445,9,,
2,1,,,1,9,12,,,104,7449.97,2026-06-30,7449.97,8,0.7437084470595844138330568584,recent,reported,open_plus_1pct,13,EXPIRY_STRADDLE_1445,12,,4
,,,,6,6,6,,1,6,6440.83,,6440.83,6,0.3156192953487235394498883243,recent,reported,exit_haircut_1pct,13,EXPIRY_STRADDLE_1445,6,,
,,,,6,6,6,,1,6,6561.01,,6561.01,6,0.3028493770175472151207393759,recent,reported,delete_best,13,EXPIRY_STRADDLE_1445,6,,
,,,,,8,8,,5,8,4098.98,,4098.98,8,0.5644563168486842245074475252,recent,reported,primary,13,EXPIRY_STRADDLE_1500,8,,
,1,,,2,7,8,,3,25,4788.30,,4788.30,8,0.4912115165154635231713770218,recent,reported,delay2,13,EXPIRY_STRADDLE_1500,8,,
,,,,,11,12,1,1,43,7854.77,,7854.77,11,0.3684713287813005382959416354,recent,reported,delay3,13,EXPIRY_STRADDLE_1500,12,,1
,1,,,,10,11,,2,37,2199.84,,2199.84,11,0.7662524784352227882157179015,recent,reported,open_plus_1pct,13,EXPIRY_STRADDLE_1500,11,,
,,,,,9,9,,4,9,4303.31,,4303.31,9,0.5427449055272558807715929352,recent,reported,exit_haircut_1pct,13,EXPIRY_STRADDLE_1500,9,,
,,,,,8,8,,5,8,4098.98,,4098.98,8,0.5644563168486842245074475252,recent,reported,delete_best,13,EXPIRY_STRADDLE_1500,8,,
,,,,2,5,7,2,4,33,6203.96,,6203.96,6,0.6196226190552088048470011199,recent,reported,primary,13,EXPIRY_STRADDLE_1515,7,,1
,,,,,4,6,2,7,20,2811.34,,2811.34,6,0.7073118422860855116582198883,recent,reported,delay2,13,EXPIRY_STRADDLE_1515,6,,
,1,,,,6,9,2,4,32,3727.55,,3727.55,9,0.6261008686580937669267959957,recent,reported,delay3,13,EXPIRY_STRADDLE_1515,9,,
1,1,,,,6,10,2,3,44,6075.36,,6075.36,6,0.7758362466936610479587567456,recent,reported,open_plus_1pct,13,EXPIRY_STRADDLE_1515,10,,4
,,,,2,5,7,2,4,33,5963.43,,5963.43,6,0.6370061990101135033013925990,recent,reported,exit_haircut_1pct,13,EXPIRY_STRADDLE_1515,7,,1
,,1,,1,4,5,1,6,13,4072.28,,4072.28,5,0.5738653388841781795694057493,recent,reported,delete_best,13,EXPIRY_STRADDLE_1515,5,,
,1,,,2,8,9,,2,11,2898.68,,2898.68,9,0.6919961152586604442801009013,recent,reported,primary,13,EXPIRY_STRANGLE_1500,9,,
,2,,,2,8,10,,1,17,3579.01,,3579.01,10,0.6197065617701499705669214700,recent,reported,delay2,13,EXPIRY_STRANGLE_1500,10,,
1,2,,,,9,12,,1,44,4006.42,,4006.42,12,0.5993871119243282988955688872,recent,reported,delay3,13,EXPIRY_STRANGLE_1500,12,,
1,2,,,,10,13,,,64,4346.09,,4346.09,12,0.5381992481282899700143871438,recent,reported,open_plus_1pct,13,EXPIRY_STRANGLE_1500,13,,1
,1,,,1,8,9,,3,11,2505.67,,2505.67,9,0.7337560220928725197052866909,recent,reported,exit_haircut_1pct,13,EXPIRY_STRANGLE_1500,9,,
,1,,,2,8,9,,2,11,2898.68,,2898.68,9,0.6919961152586604442801009013,recent,reported,delete_best,13,EXPIRY_STRANGLE_1500,9,,
2,4,,,,1,7,,6,33,1328.02,,1328.02,5,0.9450674623160963874880726965,recent,reported,primary,13,EXPIRY_STRANGLE_1515,7,,2
1,4,,,,1,6,,7,31,929.54,,929.54,5,0.9239393997352085498311582607,recent,reported,delay2,13,EXPIRY_STRANGLE_1515,6,,1
1,3,,,,1,6,1,7,34,1035.63,,1035.63,6,0.8899574761082032221251745265,recent,reported,delay3,13,EXPIRY_STRANGLE_1515,6,,
,5,,,,,5,,8,27,165.93,,165.93,5,0.9850777543157872017439413506,recent,reported,open_plus_1pct,13,EXPIRY_STRANGLE_1515,5,,
,4,,,,1,5,,8,21,170.72,,170.72,5,0.9818598730446128965761997964,recent,reported,exit_haircut_1pct,13,EXPIRY_STRANGLE_1515,5,,
,4,1,,,1,5,,7,21,741.94,,741.94,5,0.9211639773120905136231588387,recent,reported,delete_best,13,EXPIRY_STRANGLE_1515,5,,
,,,12,,1,1,,,1,8792.79,,8792.79,1,0.0657080196107183158753737576,recent,reported,primary,1,EXPIRY_CHEAP_STRADDLE_1500,1,,
,,,12,,1,1,,,1,9036.64,,9036.64,1,0.0397973474102078591632505169,recent,reported,delay2,1,EXPIRY_CHEAP_STRADDLE_1500,1,,
,,,12,,1,1,,,1,9182.98,,9182.98,1,0.0242477563918658446655998504,recent,reported,delay3,1,EXPIRY_CHEAP_STRADDLE_1500,1,,
,,,12,,1,1,,,1,8809.06,,8809.06,1,0.0639792247093350674410647761,recent,reported,open_plus_1pct,1,EXPIRY_CHEAP_STRADDLE_1500,1,,
,,,12,,1,1,,,1,8776.55,,8776.55,1,0.0674336268140658238393060169,recent,reported,exit_haircut_1pct,1,EXPIRY_CHEAP_STRADDLE_1500,1,,
,,,12,,1,1,,,1,8792.79,,8792.79,1,0.0657080196107183158753737576,recent,reported,delete_best,1,EXPIRY_CHEAP_STRADDLE_1500,1,,
,,,50,,,,,,,9411.18,,9411.18,,0,recent,reported,primary,,ORDINARY_CHEAP_STRADDLE_1000,,,
,,,50,,,,,,,9411.18,,9411.18,,0,recent,reported,delay2,,ORDINARY_CHEAP_STRADDLE_1000,,,
,,,50,,,,,,,9411.18,,9411.18,,0,recent,reported,delay3,,ORDINARY_CHEAP_STRADDLE_1000,,,
,,,50,,,,,,,9411.18,,9411.18,,0,recent,reported,open_plus_1pct,,ORDINARY_CHEAP_STRADDLE_1000,,,
,,,50,,,,,,,9411.18,,9411.18,,0,recent,reported,exit_haircut_1pct,,ORDINARY_CHEAP_STRADDLE_1000,,,
,,,50,,,,,,,9411.18,,9411.18,,0,recent,reported,delete_best,,ORDINARY_CHEAP_STRADDLE_1000,,,
,,,,1,,,,,,9411.18,,9411.18,,0,recent,reported,primary,1,EXPIRY_LATE_OI_EVACUATION,,,
,1,,,,,1,,,4,3582.34,,3582.34,1,0.6411661449467548171430150098,recent,reported,delay2,1,EXPIRY_LATE_OI_EVACUATION,1,,
,1,,,,,1,,,8,9197.70,,9197.70,1,0.3713970148194691207376404059,recent,reported,delay3,1,EXPIRY_LATE_OI_EVACUATION,1,,
,,,,1,,,,,,9411.18,,9411.18,,0,recent,reported,open_plus_1pct,1,EXPIRY_LATE_OI_EVACUATION,,,
,,,,1,,,,,,9411.18,,9411.18,,0,recent,reported,exit_haircut_1pct,1,EXPIRY_LATE_OI_EVACUATION,,,
,,,,1,,,,,,9411.18,,9411.18,,0,recent,reported,delete_best,1,EXPIRY_LATE_OI_EVACUATION,,,
,,,,3,2,2,,,2,,,6189.42,2,0.3423332674542405946969455477,earlier,strict,primary,5,EXPIRY_STRADDLE_1445,2,"['2026-04-28', 'UNKNOWN_SOURCE_AUDIT']",
,,,,,2,2,,,2,,,6323.80,2,0.3478944595055844232179188266,earlier,strict,primary,2,EXPIRY_STRADDLE_1500,2,"['2026-04-07', 'UNKNOWN_SOURCE_AUDIT']",
,,,,,2,2,,,2,,,6079.33,2,0.4627198738666603034376461002,earlier,strict,primary,2,EXPIRY_STRADDLE_1515,2,"['2026-04-07', 'UNKNOWN_SOURCE_AUDIT']",
,,,,,1,1,,,1,,,8683.88,1,0.0948530783655013763968525801,earlier,strict,primary,1,EXPIRY_STRANGLE_1500,1,"['2026-03-30', 'UNKNOWN_SOURCE_AUDIT']",
,,,,,1,1,,,1,,,8087.37,1,0.1406635512231197363136184835,earlier,strict,primary,1,EXPIRY_STRANGLE_1515,1,"['2026-03-30', 'UNKNOWN_SOURCE_AUDIT']",
,,,2,,,,,,,,,9411.18,,0,earlier,strict,primary,,EXPIRY_CHEAP_STRADDLE_1500,,"['2026-04-07', 'UNKNOWN_SOURCE_AUDIT']",
,,,,,,,,,,,,9411.18,,0,earlier,strict,primary,,ORDINARY_CHEAP_STRADDLE_1000,,"['2026-03-23', 'UNKNOWN_SOURCE_AUDIT']",
,,,,,,,,,,,,9411.18,,0,earlier,strict,primary,,EXPIRY_LATE_OI_EVACUATION,,"['2026-03-30', 'UNKNOWN_SOURCE_AUDIT']",
,,,,,,,,,,,,9411.18,,0,recent,strict,primary,,EXPIRY_STRADDLE_1445,,"['2026-06-23', 'UNKNOWN_SOURCE_AUDIT']",
,,,,,,,,,,,,9411.18,,0,recent,strict,primary,,EXPIRY_STRADDLE_1500,,"['2026-06-23', 'UNKNOWN_SOURCE_AUDIT']",
,,,,,,,,,,,,9411.18,,0,recent,strict,primary,,EXPIRY_STRADDLE_1515,,"['2026-06-23', 'UNKNOWN_SOURCE_AUDIT']",
,,,,,,,,,,,,9411.18,,0,recent,strict,primary,,EXPIRY_STRANGLE_1500,,"['2026-06-23', 'UNKNOWN_SOURCE_AUDIT']",
,2,,,,1,3,,,11,,,2639.96,3,0.7194868231188862608089527562,recent,strict,primary,3,EXPIRY_STRANGLE_1515,3,"['2026-07-14', 'UNKNOWN_SOURCE_AUDIT']",
,,,,,,,,,,,,9411.18,,0,recent,strict,primary,,EXPIRY_CHEAP_STRADDLE_1500,,"['2026-06-23', 'UNKNOWN_SOURCE_AUDIT']",
,,,,,,,,,,,,9411.18,,0,recent,strict,primary,,ORDINARY_CHEAP_STRADDLE_1000,,"['2026-06-22', 'UNKNOWN_SOURCE_AUDIT']",
,,,,,,,,,,,,9411.18,,0,recent,strict,primary,,EXPIRY_LATE_OI_EVACUATION,,"['2026-06-23', 'UNKNOWN_SOURCE_AUDIT']",
