at,cash_after,cash_before,contract,day,entry,entry_at,exit,exit_at,fees,limit,lot,period,pnl,premium_multiple,quality,quantity,reason,selection,side,signal,status,strike,variant
2024-10-17T14:45:00+05:30,,9411.18,,2024-10-17,,,,,,,,extension,,,strict,,,['UNKNOWN_VOLUME_MISMATCH'],PE,TREND1445,UNKNOWN_SELECTION_DATA,,TREND1445_TARGET
2024-10-17T14:45:00+05:30,,9411.18,,2024-10-17,,,,,,,,extension,,,strict,,,['UNKNOWN_VOLUME_MISMATCH'],PE,TREND1445,UNKNOWN_SELECTION_DATA,,TREND1445_TRAIL
2024-10-17T14:45:00+05:30,,9411.18,,2024-10-17,,,,,,,,all,,,strict,,,['UNKNOWN_VOLUME_MISMATCH'],PE,TREND1445,UNKNOWN_SELECTION_DATA,,TREND1445_TARGET
2024-10-17T14:45:00+05:30,,9411.18,,2024-10-17,,,,,,,,all,,,strict,,,['UNKNOWN_VOLUME_MISMATCH'],PE,TREND1445,UNKNOWN_SELECTION_DATA,,TREND1445_TRAIL
2024-10-17T14:45:00+05:30,5099.55,9411.18,NSE_FO|48248|17-10-2024,2024-10-17,7.55,2024-10-17T14:46:00+05:30,3.50,2024-10-17T14:59:00+05:30,59.13,8.40,25,extension,-4311.63,0.4635761589403973509933774834,reported,1050,STOP,"[{'contract': 'NSE_FO|48248|17-10-2024', 'status': 'ORDER_CREATED'}]",PE,TREND1445,MODELED_EXIT,24750.0,TREND1445_TARGET
2025-03-06T14:45:00+05:30,,5099.55,NSE_FO|68448|06-03-2025,2025-03-06,,,,,,7.45,75,extension,,,reported,600,,"[{'contract': 'NSE_FO|68448|06-03-2025', 'status': 'ORDER_CREATED'}]",CE,TREND1445,MODELED_LIMIT_MISS,22550.0,TREND1445_TARGET
2024-10-17T14:45:00+05:30,5099.55,9411.18,NSE_FO|48248|17-10-2024,2024-10-17,7.55,2024-10-17T14:46:00+05:30,3.50,2024-10-17T14:59:00+05:30,59.13,8.40,25,extension,-4311.63,0.4635761589403973509933774834,reported,1050,STOP,"[{'contract': 'NSE_FO|48248|17-10-2024', 'status': 'ORDER_CREATED'}]",PE,TREND1445,MODELED_EXIT,24750.0,TREND1445_TRAIL
2025-03-06T14:45:00+05:30,,5099.55,NSE_FO|68448|06-03-2025,2025-03-06,,,,,,7.45,75,extension,,,reported,600,,"[{'contract': 'NSE_FO|68448|06-03-2025', 'status': 'ORDER_CREATED'}]",CE,TREND1445,MODELED_LIMIT_MISS,22550.0,TREND1445_TRAIL
2024-10-17T14:45:00+05:30,5099.55,9411.18,NSE_FO|48248|17-10-2024,2024-10-17,7.55,2024-10-17T14:46:00+05:30,3.50,2024-10-17T14:59:00+05:30,59.13,8.40,25,all,-4311.63,0.4635761589403973509933774834,reported,1050,STOP,"[{'contract': 'NSE_FO|48248|17-10-2024', 'status': 'ORDER_CREATED'}]",PE,TREND1445,MODELED_EXIT,24750.0,TREND1445_TARGET
2025-03-06T14:45:00+05:30,,5099.55,NSE_FO|68448|06-03-2025,2025-03-06,,,,,,7.45,75,all,,,reported,600,,"[{'contract': 'NSE_FO|68448|06-03-2025', 'status': 'ORDER_CREATED'}]",CE,TREND1445,MODELED_LIMIT_MISS,22550.0,TREND1445_TARGET
2025-12-23T14:45:00+05:30,2817.04,5099.55,NSE_FO|57019|23-12-2025,2025-12-23,6.5,2025-12-23T14:46:00+05:30,3.20,2025-12-23T14:47:00+05:30,55.01,6.70,75,all,-2282.51,0.4923076923076923076923076923,reported,675,STOP,"[{'contract': 'NSE_FO|57019|23-12-2025', 'status': 'ORDER_CREATED'}]",PE,TREND1445,MODELED_EXIT,26150.0,TREND1445_TARGET
2026-01-20T14:45:00+05:30,4981.99,2817.04,NSE_FO|47594|20-01-2026,2026-01-20,17.10,2026-01-20T14:46:00+05:30,34.20,2026-01-20T15:00:00+05:30,58.05,17.35,65,all,2164.95,2,reported,130,TARGET_2X,"[{'contract': 'NSE_FO|47594|20-01-2026', 'status': 'ORDER_CREATED'}]",PE,TREND1445,MODELED_EXIT,25350.0,TREND1445_TARGET
2026-05-19T14:45:00+05:30,,4981.99,NSE_FO|51365|19-05-2026,2026-05-19,,,,,,19.90,65,all,,,reported,195,,"[{'contract': 'NSE_FO|51365|19-05-2026', 'status': 'ORDER_CREATED'}]",PE,TREND1445,MODELED_LIMIT_MISS,23650.0,TREND1445_TARGET
2024-10-17T14:45:00+05:30,5099.55,9411.18,NSE_FO|48248|17-10-2024,2024-10-17,7.55,2024-10-17T14:46:00+05:30,3.50,2024-10-17T14:59:00+05:30,59.13,8.40,25,all,-4311.63,0.4635761589403973509933774834,reported,1050,STOP,"[{'contract': 'NSE_FO|48248|17-10-2024', 'status': 'ORDER_CREATED'}]",PE,TREND1445,MODELED_EXIT,24750.0,TREND1445_TRAIL
2025-03-06T14:45:00+05:30,,5099.55,NSE_FO|68448|06-03-2025,2025-03-06,,,,,,7.45,75,all,,,reported,600,,"[{'contract': 'NSE_FO|68448|06-03-2025', 'status': 'ORDER_CREATED'}]",CE,TREND1445,MODELED_LIMIT_MISS,22550.0,TREND1445_TRAIL
2025-12-23T14:45:00+05:30,2817.04,5099.55,NSE_FO|57019|23-12-2025,2025-12-23,6.5,2025-12-23T14:46:00+05:30,3.20,2025-12-23T14:47:00+05:30,55.01,6.70,75,all,-2282.51,0.4923076923076923076923076923,reported,675,STOP,"[{'contract': 'NSE_FO|57019|23-12-2025', 'status': 'ORDER_CREATED'}]",PE,TREND1445,MODELED_EXIT,26150.0,TREND1445_TRAIL
2026-01-20T14:45:00+05:30,15938.86,2817.04,NSE_FO|47594|20-01-2026,2026-01-20,17.10,2026-01-20T14:46:00+05:30,118.65,2026-01-20T15:25:00+05:30,79.68,17.35,65,all,13121.82,6.938596491228070175438596491,reported,130,TIMED_CLOSE,"[{'contract': 'NSE_FO|47594|20-01-2026', 'status': 'ORDER_CREATED'}]",PE,TREND1445,MODELED_EXIT,25350.0,TREND1445_TRAIL
2026-05-19T14:45:00+05:30,,15938.86,NSE_FO|51365|19-05-2026,2026-05-19,,,,,,19.90,65,all,,,reported,715,,"[{'contract': 'NSE_FO|51365|19-05-2026', 'status': 'ORDER_CREATED'}]",PE,TREND1445,MODELED_LIMIT_MISS,23650.0,TREND1445_TRAIL
