deleted_best,final_bankroll,losses,misses,model_drawdown,no_order,no_signal,period,quality,resolved_cash,scenario,sessions,signals,strategy,trades,unknown,wins
,5616.25,4,3,0.4615978017634345533716282124,20,18,earlier,reported,5616.25,primary,46,28,OPEN_DRIVE_FAST,5,,1
,5651.17,5,4,0.4257712635397474068076479251,19,18,earlier,reported,5651.17,delay2,46,28,OPEN_DRIVE_FAST,5,,
,6890.15,4,6,0.2944211034110494114446860011,18,18,earlier,reported,6890.15,delay3,46,28,OPEN_DRIVE_FAST,4,,
,5467.61,4,2,0.4787641038968680890292399955,19,18,earlier,reported,5467.61,open_plus_1pct,46,28,OPEN_DRIVE_FAST,7,,3
1,5470.50,4,2,0.4187232631827252268047152429,21,18,earlier,reported,5470.50,delete_best,46,28,OPEN_DRIVE_FAST,4,,
,,,,0,,,earlier,strict,9411.18,strict,1,1,OPEN_DRIVE_FAST,,"['2026-03-23', 'UNKNOWN_SELECTION_DATA']",
,7846.33,6,4,0.3783596056952740181542006092,,36,recent,reported,7846.33,primary,50,14,OPEN_DRIVE_FAST,10,,4
,8178.85,5,6,0.3165169361689217887264122323,,36,recent,reported,8178.85,delay2,50,14,OPEN_DRIVE_FAST,8,,3
,9514.46,2,7,0.2174987811329757990062343752,,36,recent,reported,9514.46,delay3,50,14,OPEN_DRIVE_FAST,7,,5
,7621.66,7,2,0.3884868128149876231011700176,,36,recent,reported,7621.66,open_plus_1pct,50,14,OPEN_DRIVE_FAST,12,,5
1,6546.27,7,4,0.3830321538794244679926512348,,36,recent,reported,6546.27,delete_best,50,14,OPEN_DRIVE_FAST,9,,2
,,,,0,,1,recent,strict,9411.18,strict,2,1,OPEN_DRIVE_FAST,,"['2026-06-24', 'UNKNOWN_SELECTION_DATA']",
,4051.14,5,3,0.5695396326496783612681937865,20,18,earlier,reported,4051.14,primary,46,28,OPEN_DRIVE_SWING,5,,
,4482.74,4,4,0.5254059533448515489024755663,20,18,earlier,reported,4482.74,delay2,46,28,OPEN_DRIVE_SWING,4,,
,6859.91,4,8,0.3139106892015666473279652498,16,18,earlier,reported,6859.91,delay3,46,28,OPEN_DRIVE_SWING,4,,
,3098.10,6,1,0.6708064238490816241959031705,21,18,earlier,reported,3098.10,open_plus_1pct,46,28,OPEN_DRIVE_SWING,6,,
,4051.14,5,3,0.5695396326496783612681937865,20,18,earlier,reported,4051.14,delete_best,46,28,OPEN_DRIVE_SWING,5,,
,,,,0,,,earlier,strict,9411.18,strict,1,1,OPEN_DRIVE_SWING,,"['2026-03-23', 'UNKNOWN_SELECTION_DATA']",
,9831.50,6,4,0.3658644366492822175734066538,,36,recent,reported,9831.50,primary,50,14,OPEN_DRIVE_SWING,10,,4
,12036.36,3,6,0.2523044331167457903986815142,,36,recent,reported,12036.36,delay2,50,14,OPEN_DRIVE_SWING,8,,5
,8637.25,3,7,0.2640019636219900161297520608,,36,recent,reported,8637.25,delay3,50,14,OPEN_DRIVE_SWING,7,,4
,9595.69,7,2,0.4331081224524456521739130435,,36,recent,reported,9595.69,open_plus_1pct,50,14,OPEN_DRIVE_SWING,12,,5
1,8118.57,6,3,0.3924800078204858476832873242,1,36,recent,reported,8118.57,delete_best,50,14,OPEN_DRIVE_SWING,9,,3
,,,,0,,1,recent,strict,9411.18,strict,2,1,OPEN_DRIVE_SWING,,"['2026-06-24', 'UNKNOWN_SELECTION_DATA']",
,4048.91,2,4,0.6939653125035829114369808873,20,18,earlier,reported,4048.91,primary,46,28,OPEN_DRIVE_DOUBLE,4,,2
,4042.88,3,4,0.7766490374570368470615728450,19,18,earlier,reported,4042.88,delay2,46,28,OPEN_DRIVE_DOUBLE,5,,2
,3458.76,2,4,0.6580570280632168794525369203,21,18,earlier,reported,3458.76,delay3,46,28,OPEN_DRIVE_DOUBLE,3,,1
,3790.28,3,1,0.7247681079583629201998426987,21,18,earlier,reported,3790.28,open_plus_1pct,46,28,OPEN_DRIVE_DOUBLE,6,,3
1,3620.00,2,3,0.6584007731449675720415208910,21,18,earlier,reported,3620.00,delete_best,46,28,OPEN_DRIVE_DOUBLE,3,,1
,,,,0,,,earlier,strict,9411.18,strict,1,1,OPEN_DRIVE_DOUBLE,,"['2026-03-23', 'UNKNOWN_SELECTION_DATA']",
,1590.92,7,3,0.8989844538088277939572700704,2,36,recent,reported,1590.92,primary,50,14,OPEN_DRIVE_DOUBLE,9,,2
,1637.01,5,5,0.8835943428211627569059881496,3,36,recent,reported,1637.01,delay2,50,14,OPEN_DRIVE_DOUBLE,6,,1
,1039.83,6,4,0.9067778960767937708130117584,4,36,recent,reported,1039.83,delay3,50,14,OPEN_DRIVE_DOUBLE,6,,
,1796.16,8,1,0.8741741529992734843989291620,2,36,recent,reported,1796.16,open_plus_1pct,50,14,OPEN_DRIVE_DOUBLE,11,,3
1,1047.11,6,2,0.9171041923297370729374808022,4,36,recent,reported,1047.11,delete_best,50,14,OPEN_DRIVE_DOUBLE,7,,1
,,,,0,,1,recent,strict,9411.18,strict,2,1,OPEN_DRIVE_DOUBLE,,"['2026-06-24', 'UNKNOWN_SELECTION_DATA']",
,8199.73,2,1,0.1359765725445693313697113433,4,39,earlier,reported,8199.73,primary,46,7,GAP_FADE_FAST,2,,
,8160.59,2,1,0.1460061331310207646650048134,4,39,earlier,reported,8160.59,delay2,46,7,GAP_FADE_FAST,2,,
,9076.35,1,2,0.0746006345644223147363029928,4,39,earlier,reported,9076.35,delay3,46,7,GAP_FADE_FAST,1,,
,7367.08,3,,0.2244511315265460866756347238,4,39,earlier,reported,7367.08,open_plus_1pct,46,7,GAP_FADE_FAST,3,,
,8199.73,2,1,0.1359765725445693313697113433,4,39,earlier,reported,8199.73,delete_best,46,7,GAP_FADE_FAST,2,,
,,,,0,,3,earlier,strict,9411.18,strict,4,1,GAP_FADE_FAST,,"['2026-04-01', 'UNKNOWN_SELECTION_DATA']",
,6903.44,3,1,0.3206813598294794064081231046,,45,recent,reported,6903.44,primary,50,5,GAP_FADE_FAST,4,,1
,7431.50,3,2,0.2103540682464898131796437854,,45,recent,reported,7431.50,delay2,50,5,GAP_FADE_FAST,3,,
,7444.62,3,2,0.2217373379321190328949185968,,45,recent,reported,7444.62,delay3,50,5,GAP_FADE_FAST,3,,
,7494.60,4,,0.2792774126092583501750046222,,45,recent,reported,7494.60,open_plus_1pct,50,5,GAP_FADE_FAST,5,,1
1,6700.18,3,1,0.2880616458297471730431253042,,45,recent,reported,6700.18,delete_best,50,5,GAP_FADE_FAST,3,,
,,,,0,,6,recent,strict,9411.18,strict,7,1,GAP_FADE_FAST,,"['2026-07-03', 'UNKNOWN_SELECTION_DATA']",
,10262.90,1,1,0.0776565744146855123374539643,4,39,earlier,reported,10262.90,primary,46,7,GAP_FADE_SWING,2,,1
,9846.94,1,1,0.0908212250322332193765538488,4,39,earlier,reported,9846.94,delay2,46,7,GAP_FADE_SWING,2,,1
,10578.46,,2,0.0748811519915674761294545424,4,39,earlier,reported,10578.46,delay3,46,7,GAP_FADE_SWING,1,,1
,9757.12,2,,0.1261852682485625421085176879,4,39,earlier,reported,9757.12,open_plus_1pct,46,7,GAP_FADE_SWING,3,,1
1,8913.67,1,1,0.0773824323836118318850558591,4,39,earlier,reported,8913.67,delete_best,46,7,GAP_FADE_SWING,1,,
,,,,0,,3,earlier,strict,9411.18,strict,4,1,GAP_FADE_SWING,,"['2026-04-01', 'UNKNOWN_SELECTION_DATA']",
,6040.30,4,1,0.3581782518238945594495058005,,45,recent,reported,6040.30,primary,50,5,GAP_FADE_SWING,4,,
,6999.43,3,2,0.2604083653696985925250606194,,45,recent,reported,6999.43,delay2,50,5,GAP_FADE_SWING,3,,
,6402.81,3,2,0.3196591713260186289073208673,,45,recent,reported,6402.81,delay3,50,5,GAP_FADE_SWING,3,,
,5401.07,5,,0.4267913269111843573281990144,,45,recent,reported,5401.07,open_plus_1pct,50,5,GAP_FADE_SWING,5,,
,6040.30,4,1,0.3581782518238945594495058005,,45,recent,reported,6040.30,delete_best,50,5,GAP_FADE_SWING,4,,
,,,,0,,6,recent,strict,9411.18,strict,7,1,GAP_FADE_SWING,,"['2026-07-03', 'UNKNOWN_SELECTION_DATA']",
,7544.54,1,1,0.3767640792259673126069154645,4,39,earlier,reported,7544.54,primary,46,7,GAP_FADE_DOUBLE,2,,1
,7511.90,1,1,0.3832665809907628066760660619,4,39,earlier,reported,7511.90,delay2,46,7,GAP_FADE_DOUBLE,2,,1
,12074.08,,2,0.0751606068527007240324805179,4,39,earlier,reported,12074.08,delay3,46,7,GAP_FADE_DOUBLE,1,,1
,3758.14,2,,0.6894670871845598024328070232,4,39,earlier,reported,3758.14,open_plus_1pct,46,7,GAP_FADE_DOUBLE,3,,1
1,5569.32,1,1,0.4113309914378430760010965681,4,39,earlier,reported,5569.32,delete_best,46,7,GAP_FADE_DOUBLE,1,,
,,,,0,,3,earlier,strict,9411.18,strict,4,1,GAP_FADE_DOUBLE,,"['2026-04-01', 'UNKNOWN_SELECTION_DATA']",
,12566.43,1,1,0.4584640337857481676434134623,,45,recent,reported,12566.43,primary,50,5,GAP_FADE_DOUBLE,4,,3
,10197.70,1,2,0.3172978176720496262366725892,,45,recent,reported,10197.70,delay2,50,5,GAP_FADE_DOUBLE,3,,2
,3780.44,2,2,0.6316187972421412878561556688,,45,recent,reported,3780.44,delay3,50,5,GAP_FADE_DOUBLE,3,,1
,7247.40,2,,0.7156423473433782712133227597,,45,recent,reported,7247.40,open_plus_1pct,50,5,GAP_FADE_DOUBLE,5,,3
1,9275.76,1,1,0.4328006415475199492616410078,,45,recent,reported,9275.76,delete_best,50,5,GAP_FADE_DOUBLE,3,,2
,,,,0,,6,recent,strict,9411.18,strict,7,1,GAP_FADE_DOUBLE,,"['2026-07-03', 'UNKNOWN_SELECTION_DATA']",
,7310.29,1,,0.2232334308768932269917268610,,45,earlier,reported,7310.29,primary,46,1,FIRST_LAST_FAST,1,,
,9411.18,,1,0,,45,earlier,reported,9411.18,delay2,46,1,FIRST_LAST_FAST,,,
,6645.33,1,,0.2938898204050926663818989755,,45,earlier,reported,6645.33,delay3,46,1,FIRST_LAST_FAST,1,,
,7440.65,1,,0.2093818203455889697147435284,,45,earlier,reported,7440.65,open_plus_1pct,46,1,FIRST_LAST_FAST,1,,
,7310.29,1,,0.2232334308768932269917268610,,45,earlier,reported,7310.29,delete_best,46,1,FIRST_LAST_FAST,1,,
,7310.29,1,,0.2232334308768932269917268610,,45,earlier,strict,7310.29,strict,46,1,FIRST_LAST_FAST,1,,
,8380.25,1,1,0.1240471439288165777298914695,,48,recent,reported,8380.25,primary,50,2,FIRST_LAST_FAST,1,,
,8604.46,1,1,0.1164540472076827772925392990,,48,recent,reported,8604.46,delay2,50,2,FIRST_LAST_FAST,1,,
,8676.07,1,1,0.1012476650111888201054490510,,48,recent,reported,8676.07,delay3,50,2,FIRST_LAST_FAST,1,,
,8656.62,1,1,0.0946810070575634511294014141,,48,recent,reported,8656.62,open_plus_1pct,50,2,FIRST_LAST_FAST,1,,
,8380.25,1,1,0.1240471439288165777298914695,,48,recent,reported,8380.25,delete_best,50,2,FIRST_LAST_FAST,1,,
,,,,0,,14,recent,strict,9411.18,strict,15,1,FIRST_LAST_FAST,,"['2026-07-17', 'UNKNOWN_SELECTION_DATA']",
,6969.20,1,,0.2594764949772504616849321764,,45,earlier,reported,6969.20,primary,46,1,FIRST_LAST_SWING,1,,
,9411.18,,1,0,,45,earlier,reported,9411.18,delay2,46,1,FIRST_LAST_SWING,,,
,6580.35,1,,0.3007943743505065252178791607,,45,earlier,reported,6580.35,delay3,46,1,FIRST_LAST_SWING,1,,
,7048.55,1,,0.2510450336727169175385020794,,45,earlier,reported,7048.55,open_plus_1pct,46,1,FIRST_LAST_SWING,1,,
,6969.20,1,,0.2594764949772504616849321764,,45,earlier,reported,6969.20,delete_best,46,1,FIRST_LAST_SWING,1,,
,6969.20,1,,0.2594764949772504616849321764,,45,earlier,strict,6969.20,strict,46,1,FIRST_LAST_SWING,1,,
,9460.05,,1,0.1243074726017353828106571121,,48,recent,reported,9460.05,primary,50,2,FIRST_LAST_SWING,1,,1
,9531.57,,1,0.1167080004845301014325514973,,48,recent,reported,9531.57,delay2,50,2,FIRST_LAST_SWING,1,,1
,9674.65,,1,0.1015048059860718847158379714,,48,recent,reported,9674.65,delay3,50,2,FIRST_LAST_SWING,1,,1
,9736.42,,1,0.0949413357304822562101670566,,48,recent,reported,9736.42,open_plus_1pct,50,2,FIRST_LAST_SWING,1,,1
1,9411.18,,1,0,,48,recent,reported,9411.18,delete_best,50,2,FIRST_LAST_SWING,,,
,,,,0,,14,recent,strict,9411.18,strict,15,1,FIRST_LAST_SWING,,"['2026-07-17', 'UNKNOWN_SELECTION_DATA']",
,6375.69,1,,0.3225408503503280141278776944,,45,earlier,reported,6375.69,primary,46,1,FIRST_LAST_DOUBLE,1,,
,9411.18,,1,0,,45,earlier,reported,9411.18,delay2,46,1,FIRST_LAST_DOUBLE,,,
,6378.94,1,,0.3221955163964561298370661277,,45,earlier,reported,6378.94,delay3,46,1,FIRST_LAST_DOUBLE,1,,
,6847.14,1,,0.2724461757186665221576890464,,45,earlier,reported,6847.14,open_plus_1pct,46,1,FIRST_LAST_DOUBLE,1,,
,6375.69,1,,0.3225408503503280141278776944,,45,earlier,reported,6375.69,delete_best,46,1,FIRST_LAST_DOUBLE,1,,
,6375.69,1,,0.3225408503503280141278776944,,45,earlier,strict,6375.69,strict,46,1,FIRST_LAST_DOUBLE,1,,
,9460.05,,1,0.1243074726017353828106571121,,48,recent,reported,9460.05,primary,50,2,FIRST_LAST_DOUBLE,1,,1
,9531.57,,1,0.1167080004845301014325514973,,48,recent,reported,9531.57,delay2,50,2,FIRST_LAST_DOUBLE,1,,1
,9674.65,,1,0.1015048059860718847158379714,,48,recent,reported,9674.65,delay3,50,2,FIRST_LAST_DOUBLE,1,,1
,9736.42,,1,0.0949413357304822562101670566,,48,recent,reported,9736.42,open_plus_1pct,50,2,FIRST_LAST_DOUBLE,1,,1
1,9411.18,,1,0,,48,recent,reported,9411.18,delete_best,50,2,FIRST_LAST_DOUBLE,,,
,,,,0,,14,recent,strict,9411.18,strict,15,1,FIRST_LAST_DOUBLE,,"['2026-07-17', 'UNKNOWN_SELECTION_DATA']",
,9623.88,,,0.1397061792463856817104762633,3,42,earlier,reported,9623.88,primary,46,4,TREND_PULLBACK_FAST,1,,1
,7525.17,1,,0.2345390554272752240384908808,2,42,earlier,reported,7525.17,delay2,46,4,TREND_PULLBACK_FAST,2,,1
,7775.17,1,,0.2452749420257639543428017305,2,42,earlier,reported,7775.17,delay3,46,4,TREND_PULLBACK_FAST,2,,1
,8141.24,1,,0.1390835155634043764968898693,3,42,earlier,reported,8141.24,open_plus_1pct,46,4,TREND_PULLBACK_FAST,1,,
1,9411.18,,,0,3,42,earlier,reported,9411.18,delete_best,46,4,TREND_PULLBACK_FAST,,,
,,,,0,,,earlier,strict,9411.18,strict,1,1,TREND_PULLBACK_FAST,,"['2026-03-23', 'UNKNOWN_SELECTION_DATA']",
,9500.24,,,0.0589129099645315465223276996,,49,recent,reported,9500.24,primary,50,1,TREND_PULLBACK_FAST,1,,1
,9545.71,,,0.0582254297548235184110812884,,49,recent,reported,9545.71,delay2,50,1,TREND_PULLBACK_FAST,1,,1
,9549.15,,,0.0354132000450527989051319813,,49,recent,reported,9549.15,delay3,50,1,TREND_PULLBACK_FAST,1,,1
,9578.27,,,0.0506217073735705830724733774,,49,recent,reported,9578.27,open_plus_1pct,50,1,TREND_PULLBACK_FAST,1,,1
1,9411.18,,,0,,49,recent,reported,9411.18,delete_best,50,1,TREND_PULLBACK_FAST,,,
,,,,0,,15,recent,strict,9411.18,strict,16,1,TREND_PULLBACK_FAST,,"['2026-07-20', 'UNKNOWN_SELECTION_DATA']",
,8481.37,1,,0.1395478569106105716817657297,3,42,earlier,reported,8481.37,primary,46,4,TREND_PULLBACK_SWING,1,,
,8520.44,1,,0.1284897324246268799449165779,3,42,earlier,reported,8520.44,delay2,46,4,TREND_PULLBACK_SWING,1,,
,8634.19,1,,0.1236550570704204998735546446,3,42,earlier,reported,8634.19,delay3,46,4,TREND_PULLBACK_SWING,1,,
,8452.11,1,,0.1426569250614694437891954038,3,42,earlier,reported,8452.11,open_plus_1pct,46,4,TREND_PULLBACK_SWING,1,,
,8481.37,1,,0.1395478569106105716817657297,3,42,earlier,reported,8481.37,delete_best,46,4,TREND_PULLBACK_SWING,1,,
,,,,0,,,earlier,strict,9411.18,strict,1,1,TREND_PULLBACK_SWING,,"['2026-03-23', 'UNKNOWN_SELECTION_DATA']",
,8825.52,1,,0.0902022913173480902501067879,,49,recent,reported,8825.52,primary,50,1,TREND_PULLBACK_SWING,1,,
,8747.56,1,,0.0895073731455566677079813583,,49,recent,reported,8747.56,delay2,50,1,TREND_PULLBACK_SWING,1,,
,8848.44,1,,0.0667015188318574291427854955,,49,recent,reported,8848.44,delay3,50,1,TREND_PULLBACK_SWING,1,,
,8903.55,1,,0.0819110887263871268002524657,,49,recent,reported,8903.55,open_plus_1pct,50,1,TREND_PULLBACK_SWING,1,,
,8825.52,1,,0.0902022913173480902501067879,,49,recent,reported,8825.52,delete_best,50,1,TREND_PULLBACK_SWING,1,,
,,,,0,,15,recent,strict,9411.18,strict,16,1,TREND_PULLBACK_SWING,,"['2026-07-20', 'UNKNOWN_SELECTION_DATA']",
,9175.57,1,,0.1396859904921593253980903564,3,42,earlier,reported,9175.57,primary,46,4,TREND_PULLBACK_DOUBLE,1,,
,9279.62,1,,0.1286299911381994606414923527,3,42,earlier,reported,9279.62,delay2,46,4,TREND_PULLBACK_DOUBLE,1,,
,9325.14,1,,0.1237931906519692535898792712,3,42,earlier,reported,9325.14,delay3,46,4,TREND_PULLBACK_DOUBLE,1,,
,9146.31,1,,0.1427950586430181975055200304,3,42,earlier,reported,9146.31,open_plus_1pct,46,4,TREND_PULLBACK_DOUBLE,1,,
,9175.57,1,,0.1396859904921593253980903564,3,42,earlier,reported,9175.57,delete_best,46,4,TREND_PULLBACK_DOUBLE,1,,
,,,,0,,,earlier,strict,9411.18,strict,1,1,TREND_PULLBACK_DOUBLE,,"['2026-03-23', 'UNKNOWN_SELECTION_DATA']",
,9123.39,1,,0.1186397454941888264808451225,,49,recent,reported,9123.39,primary,50,1,TREND_PULLBACK_DOUBLE,1,,
,9129.89,1,,0.1179490775864450578992219892,,49,recent,reported,9129.89,delay2,50,1,TREND_PULLBACK_DOUBLE,1,,
,9344.48,1,,0.0951474735367934732945284226,,49,recent,reported,9344.48,delay3,50,1,TREND_PULLBACK_DOUBLE,1,,
,9201.42,1,,0.1103485429032278630309908003,,49,recent,reported,9201.42,open_plus_1pct,50,1,TREND_PULLBACK_DOUBLE,1,,
,9123.39,1,,0.1186397454941888264808451225,,49,recent,reported,9123.39,delete_best,50,1,TREND_PULLBACK_DOUBLE,1,,
,,,,0,,15,recent,strict,9411.18,strict,16,1,TREND_PULLBACK_DOUBLE,,"['2026-07-20', 'UNKNOWN_SELECTION_DATA']",
,7334.80,2,,0.2565438127843692289383477949,1,43,earlier,reported,7334.80,primary,46,3,VOLUME_REVERSAL_FAST,2,,
,7270.11,2,,0.2423521811292526548211807659,1,43,earlier,reported,7270.11,delay2,46,3,VOLUME_REVERSAL_FAST,2,,
,7403.11,2,,0.2624081146041197809413909839,1,43,earlier,reported,7403.11,delay3,46,3,VOLUME_REVERSAL_FAST,2,,
,6795.42,2,,0.2779417671322830930871580397,1,43,earlier,reported,6795.42,open_plus_1pct,46,3,VOLUME_REVERSAL_FAST,2,,
,7334.80,2,,0.2565438127843692289383477949,1,43,earlier,reported,7334.80,delete_best,46,3,VOLUME_REVERSAL_FAST,2,,
,,1,,0.1269490117073523192628342036,,18,earlier,strict,8304.19,strict,20,2,VOLUME_REVERSAL_FAST,1,"['2026-05-04', 'UNKNOWN_SELECTION_DATA']",
,9411.18,,1,0,,49,recent,reported,9411.18,primary,50,1,VOLUME_REVERSAL_FAST,,,
,9411.18,,1,0,,49,recent,reported,9411.18,delay2,50,1,VOLUME_REVERSAL_FAST,,,
,9411.18,,1,0,,49,recent,reported,9411.18,delay3,50,1,VOLUME_REVERSAL_FAST,,,
,8635.28,1,,0.0824444968643676988432906394,,49,recent,reported,8635.28,open_plus_1pct,50,1,VOLUME_REVERSAL_FAST,1,,
,9411.18,,1,0,,49,recent,reported,9411.18,delete_best,50,1,VOLUME_REVERSAL_FAST,,,
,,,,0,,14,recent,strict,9411.18,strict,15,1,VOLUME_REVERSAL_FAST,,"['2026-07-17', 'UNKNOWN_SELECTION_DATA']",
,5514.31,2,,0.4140681614845322265645753242,1,43,earlier,reported,5514.31,primary,46,3,VOLUME_REVERSAL_SWING,2,,
,5933.68,2,,0.3695073306429161911683763354,1,43,earlier,reported,5933.68,delay2,46,3,VOLUME_REVERSAL_SWING,2,,
,5391.96,2,,0.4270686566402937782509738417,1,43,earlier,reported,5391.96,delay3,46,3,VOLUME_REVERSAL_SWING,2,,
,5793.51,2,,0.3844013184319075822585478123,1,43,earlier,reported,5793.51,open_plus_1pct,46,3,VOLUME_REVERSAL_SWING,2,,
,5514.31,2,,0.4140681614845322265645753242,1,43,earlier,reported,5514.31,delete_best,46,3,VOLUME_REVERSAL_SWING,2,,
,,1,,0.1837952307787121274909203734,,18,earlier,strict,7681.45,strict,20,2,VOLUME_REVERSAL_SWING,1,"['2026-05-04', 'UNKNOWN_SELECTION_DATA']",
,9411.18,,1,0,,49,recent,reported,9411.18,primary,50,1,VOLUME_REVERSAL_SWING,,,
,9411.18,,1,0,,49,recent,reported,9411.18,delay2,50,1,VOLUME_REVERSAL_SWING,,,
,9411.18,,1,0,,49,recent,reported,9411.18,delay3,50,1,VOLUME_REVERSAL_SWING,,,
,8385.14,1,,0.1221462133335033438952394918,,49,recent,reported,8385.14,open_plus_1pct,50,1,VOLUME_REVERSAL_SWING,1,,
,9411.18,,1,0,,49,recent,reported,9411.18,delete_best,50,1,VOLUME_REVERSAL_SWING,,,
,,,,0,,14,recent,strict,9411.18,strict,15,1,VOLUME_REVERSAL_SWING,,"['2026-07-17', 'UNKNOWN_SELECTION_DATA']",
,7250.33,2,,0.4554529825165388399754334738,1,43,earlier,reported,7250.33,primary,46,3,VOLUME_REVERSAL_DOUBLE,2,,
,7598.23,2,,0.4184863109620685185067122295,1,43,earlier,reported,7598.23,delay2,46,3,VOLUME_REVERSAL_DOUBLE,2,,
,7373.87,2,,0.4423260420053595829640916442,1,43,earlier,reported,7373.87,delay3,46,3,VOLUME_REVERSAL_DOUBLE,2,,
,7107.28,2,,0.4706529893169613162217702775,1,43,earlier,reported,7107.28,open_plus_1pct,46,3,VOLUME_REVERSAL_DOUBLE,2,,
,7250.33,2,,0.4554529825165388399754334738,1,43,earlier,reported,7250.33,delete_best,46,3,VOLUME_REVERSAL_DOUBLE,2,,
,,1,,0.2478212083925713884975104078,,18,earlier,strict,8427.64,strict,20,2,VOLUME_REVERSAL_DOUBLE,1,"['2026-05-04', 'UNKNOWN_SELECTION_DATA']",
,9411.18,,1,0,,49,recent,reported,9411.18,primary,50,1,VOLUME_REVERSAL_DOUBLE,,,
,9411.18,,1,0,,49,recent,reported,9411.18,delay2,50,1,VOLUME_REVERSAL_DOUBLE,,,
,9411.18,,1,0,,49,recent,reported,9411.18,delay3,50,1,VOLUME_REVERSAL_DOUBLE,,,
,8287.68,1,,0.1221419630694556899347371955,,49,recent,reported,8287.68,open_plus_1pct,50,1,VOLUME_REVERSAL_DOUBLE,1,,
,9411.18,,1,0,,49,recent,reported,9411.18,delete_best,50,1,VOLUME_REVERSAL_DOUBLE,,,
,,,,0,,14,recent,strict,9411.18,strict,15,1,VOLUME_REVERSAL_DOUBLE,,"['2026-07-17', 'UNKNOWN_SELECTION_DATA']",
,9411.18,,,0,2,44,earlier,reported,9411.18,primary,46,2,SECTOR_CATCHUP_FAST,,,
,9411.18,,,0,2,44,earlier,reported,9411.18,delay2,46,2,SECTOR_CATCHUP_FAST,,,
,9411.18,,,0,2,44,earlier,reported,9411.18,delay3,46,2,SECTOR_CATCHUP_FAST,,,
,9411.18,,,0,2,44,earlier,reported,9411.18,open_plus_1pct,46,2,SECTOR_CATCHUP_FAST,,,
,9411.18,,,0,2,44,earlier,reported,9411.18,delete_best,46,2,SECTOR_CATCHUP_FAST,,,
,,,,0,,9,earlier,strict,9411.18,strict,10,1,SECTOR_CATCHUP_FAST,,"['2026-04-15', 'UNKNOWN_SELECTION_DATA']",
,7793.61,1,,0.1718774903890904222424818142,,49,recent,reported,7793.61,primary,50,1,SECTOR_CATCHUP_FAST,1,,
,8063.40,1,,0.1535705405698329008689664845,,49,recent,reported,8063.40,delay2,50,1,SECTOR_CATCHUP_FAST,1,,
,9414.12,,,0.1443825322648169517531276631,,49,recent,reported,9414.12,delay3,50,1,SECTOR_CATCHUP_FAST,1,,1
,7770.85,1,,0.1742958906322055257682883549,,49,recent,reported,7770.85,open_plus_1pct,50,1,SECTOR_CATCHUP_FAST,1,,
,7793.61,1,,0.1718774903890904222424818142,,49,recent,reported,7793.61,delete_best,50,1,SECTOR_CATCHUP_FAST,1,,
,,,,0,,16,recent,strict,9411.18,strict,17,1,SECTOR_CATCHUP_FAST,,"['2026-07-22', 'UNKNOWN_SELECTION_DATA']",
,9411.18,,,0,2,44,earlier,reported,9411.18,primary,46,2,SECTOR_CATCHUP_SWING,,,
,9411.18,,,0,2,44,earlier,reported,9411.18,delay2,46,2,SECTOR_CATCHUP_SWING,,,
,9411.18,,,0,2,44,earlier,reported,9411.18,delay3,46,2,SECTOR_CATCHUP_SWING,,,
,9411.18,,,0,2,44,earlier,reported,9411.18,open_plus_1pct,46,2,SECTOR_CATCHUP_SWING,,,
,9411.18,,,0,2,44,earlier,reported,9411.18,delete_best,46,2,SECTOR_CATCHUP_SWING,,,
,,,,0,,9,earlier,strict,9411.18,strict,10,1,SECTOR_CATCHUP_SWING,,"['2026-04-15', 'UNKNOWN_SELECTION_DATA']",
,8024.26,1,,0.2008961681744478375719091549,,49,recent,reported,8024.26,primary,50,1,SECTOR_CATCHUP_SWING,1,,
,8556.20,1,,0.1806340968932694943673375708,,49,recent,reported,8556.20,delay2,50,1,SECTOR_CATCHUP_SWING,1,,
,8576.97,1,,0.1442390858532086305861751661,,49,recent,reported,8576.97,delay3,50,1,SECTOR_CATCHUP_SWING,1,,
,8001.50,1,,0.2033145684175629410977156956,,49,recent,reported,8001.50,open_plus_1pct,50,1,SECTOR_CATCHUP_SWING,1,,
,8024.26,1,,0.2008961681744478375719091549,,49,recent,reported,8024.26,delete_best,50,1,SECTOR_CATCHUP_SWING,1,,
,,,,0,,16,recent,strict,9411.18,strict,17,1,SECTOR_CATCHUP_SWING,,"['2026-07-22', 'UNKNOWN_SELECTION_DATA']",
,9411.18,,,0,2,44,earlier,reported,9411.18,primary,46,2,SECTOR_CATCHUP_DOUBLE,,,
,9411.18,,,0,2,44,earlier,reported,9411.18,delay2,46,2,SECTOR_CATCHUP_DOUBLE,,,
,9411.18,,,0,2,44,earlier,reported,9411.18,delay3,46,2,SECTOR_CATCHUP_DOUBLE,,,
,9411.18,,,0,2,44,earlier,reported,9411.18,open_plus_1pct,46,2,SECTOR_CATCHUP_DOUBLE,,,
,9411.18,,,0,2,44,earlier,reported,9411.18,delete_best,46,2,SECTOR_CATCHUP_DOUBLE,,,
,,,,0,,9,earlier,strict,9411.18,strict,10,1,SECTOR_CATCHUP_DOUBLE,,"['2026-04-15', 'UNKNOWN_SELECTION_DATA']",
,7699.39,1,,0.2084797018014744165981311589,,49,recent,reported,7699.39,primary,50,1,SECTOR_CATCHUP_DOUBLE,1,,
,7891.22,1,,0.1880964979949379355192441330,,49,recent,reported,7891.22,delay2,50,1,SECTOR_CATCHUP_DOUBLE,1,,
,8232.61,1,,0.1518215569142232961222715961,,49,recent,reported,8232.61,delay3,50,1,SECTOR_CATCHUP_DOUBLE,1,,
,7676.63,1,,0.2108981020445895201239376996,,49,recent,reported,7676.63,open_plus_1pct,50,1,SECTOR_CATCHUP_DOUBLE,1,,
,7699.39,1,,0.2084797018014744165981311589,,49,recent,reported,7699.39,delete_best,50,1,SECTOR_CATCHUP_DOUBLE,1,,
,,,,0,,16,recent,strict,9411.18,strict,17,1,SECTOR_CATCHUP_DOUBLE,,"['2026-07-22', 'UNKNOWN_SELECTION_DATA']",
,3768.89,7,1,0.6343318915751256929850604355,24,11,earlier,reported,3768.89,primary,46,35,RANGE_FAILURE_FAST,10,,3
,3985.38,8,2,0.6684927632673432041257694227,21,11,earlier,reported,3985.38,delay2,46,35,RANGE_FAILURE_FAST,12,,4
,4045.69,8,2,0.6657279307111683721306720450,21,11,earlier,reported,4045.69,delay3,46,35,RANGE_FAILURE_FAST,12,,4
,3951.03,7,1,0.6152033923395767756412254184,24,11,earlier,reported,3951.03,open_plus_1pct,46,35,RANGE_FAILURE_FAST,10,,3
1,3905.61,6,1,0.5850031558210553830656729549,25,11,earlier,reported,3905.61,delete_best,46,35,RANGE_FAILURE_FAST,8,,2
,,,,0,,,earlier,strict,9411.18,strict,1,1,RANGE_FAILURE_FAST,,"['2026-03-23', 'UNKNOWN_SELECTION_DATA']",
,4662.08,10,,0.5515567654640544543829785425,6,33,recent,reported,4662.08,primary,50,17,RANGE_FAILURE_FAST,11,,1
,4552.77,12,2,0.5348861673031437078028472519,2,33,recent,reported,4552.77,delay2,50,17,RANGE_FAILURE_FAST,13,,1
,5875.76,9,2,0.4817355528212190182315076324,4,33,recent,reported,5875.76,delay3,50,17,RANGE_FAILURE_FAST,11,,2
,4485.00,9,,0.5703716218370066240365182687,6,33,recent,reported,4485.00,open_plus_1pct,50,17,RANGE_FAILURE_FAST,11,,2
1,3562.56,10,,0.6321598354297760748386493511,6,33,recent,reported,3562.56,delete_best,50,17,RANGE_FAILURE_FAST,10,,
,,2,,0.1694856542962731559698146247,,6,recent,strict,8121.62,strict,9,3,RANGE_FAILURE_FAST,2,"['2026-07-08', 'UNKNOWN_SELECTION_DATA']",
,4230.43,7,1,0.5587769015150066197862542210,23,11,earlier,reported,4230.43,primary,46,35,RANGE_FAILURE_SWING,11,,4
,4845.89,6,1,0.5068535507768420113099526308,25,11,earlier,reported,4845.89,delay2,46,35,RANGE_FAILURE_SWING,9,,3
,5802.65,6,1,0.4962385163178262449554678584,24,11,earlier,reported,5802.65,delay3,46,35,RANGE_FAILURE_SWING,10,,4
,4737.39,7,1,0.5049090549750403243801521170,23,11,earlier,reported,4737.39,open_plus_1pct,46,35,RANGE_FAILURE_SWING,11,,4
1,4508.95,5,1,0.5525247631009076438873765033,26,11,earlier,reported,4508.95,delete_best,46,35,RANGE_FAILURE_SWING,7,,2
,,,,0,,,earlier,strict,9411.18,strict,1,1,RANGE_FAILURE_SWING,,"['2026-03-23', 'UNKNOWN_SELECTION_DATA']",
,3593.19,8,,0.6538521205629899757522436081,8,33,recent,reported,3593.19,primary,50,17,RANGE_FAILURE_SWING,9,,1
,4314.34,7,2,0.5457169026625779126528235567,6,33,recent,reported,4314.34,delay2,50,17,RANGE_FAILURE_SWING,9,,2
,6015.54,7,2,0.4978993069944470300217401006,4,33,recent,reported,6015.54,delay3,50,17,RANGE_FAILURE_SWING,11,,4
,3778.52,8,,0.6348502525719410318366028490,8,33,recent,reported,3778.52,open_plus_1pct,50,17,RANGE_FAILURE_SWING,9,,1
1,3335.36,6,,0.6625173463901444877262999964,10,33,recent,reported,3335.36,delete_best,50,17,RANGE_FAILURE_SWING,6,,
,,2,,0.2125227654768052465259404240,,6,recent,strict,7573.59,strict,9,3,RANGE_FAILURE_SWING,2,"['2026-07-08', 'UNKNOWN_SELECTION_DATA']",
,3557.01,3,1,0.7646671299454478609483614170,31,11,earlier,reported,3557.01,primary,46,35,RANGE_FAILURE_DOUBLE,3,,
,3596.54,3,1,0.7604668065003538344819671922,31,11,earlier,reported,3596.54,delay2,46,35,RANGE_FAILURE_DOUBLE,3,,
,3772.08,3,1,0.7418145227272244288176402959,31,11,earlier,reported,3772.08,delay3,46,35,RANGE_FAILURE_DOUBLE,3,,
,3650.22,3,1,0.7547629521484022194878856849,31,11,earlier,reported,3650.22,open_plus_1pct,46,35,RANGE_FAILURE_DOUBLE,3,,
,3557.01,3,1,0.7646671299454478609483614170,31,11,earlier,reported,3557.01,delete_best,46,35,RANGE_FAILURE_DOUBLE,3,,
,,,,0,,,earlier,strict,9411.18,strict,1,1,RANGE_FAILURE_DOUBLE,,"['2026-03-23', 'UNKNOWN_SELECTION_DATA']",
,3526.17,9,,0.6962826602906585132757094543,3,33,recent,reported,3526.17,primary,50,17,RANGE_FAILURE_DOUBLE,14,,5
,4830.50,8,2,0.5860897203419817043847179463,2,33,recent,reported,4830.50,delay2,50,17,RANGE_FAILURE_DOUBLE,13,,5
,4648.47,7,3,0.6387488913603536384497346304,1,33,recent,reported,4648.47,delay3,50,17,RANGE_FAILURE_DOUBLE,13,,6
,4716.09,7,,0.6075524730338310886584662627,4,33,recent,reported,4716.09,open_plus_1pct,50,17,RANGE_FAILURE_DOUBLE,13,,6
1,4261.37,7,,0.7158418058773535334299608905,5,33,recent,reported,4261.37,delete_best,50,17,RANGE_FAILURE_DOUBLE,11,,4
,,3,,0.5878949298744899722460264562,,8,recent,strict,6442.31,strict,13,5,RANGE_FAILURE_DOUBLE,4,"['2026-07-15', 'UNKNOWN_SELECTION_DATA']",1
,7028.64,5,,0.3747202794973637737244426310,1,38,earlier,reported,7028.64,primary,46,8,AFTERNOON_COMPRESSION_FAST,7,,2
,6032.40,4,2,0.4030411142936807685483257712,1,38,earlier,reported,6032.40,delay2,46,8,AFTERNOON_COMPRESSION_FAST,5,,1
,7687.64,4,2,0.2827913184106562620202780098,1,38,earlier,reported,7687.64,delay3,46,8,AFTERNOON_COMPRESSION_FAST,5,,1
,7363.53,5,,0.3370640026011615971642238274,1,38,earlier,reported,7363.53,open_plus_1pct,46,8,AFTERNOON_COMPRESSION_FAST,7,,2
1,6373.50,5,,0.3747202794973637737244426310,1,38,earlier,reported,6373.50,delete_best,46,8,AFTERNOON_COMPRESSION_FAST,6,,1
,,,,0,,11,earlier,strict,9411.18,strict,12,1,AFTERNOON_COMPRESSION_FAST,,"['2026-04-17', 'UNKNOWN_SELECTION_DATA']",
,3363.04,10,1,0.6658004545377756268775520547,4,34,recent,reported,3363.04,primary,50,16,AFTERNOON_COMPRESSION_FAST,11,,1
,3459.35,11,1,0.6740238666902871013580493541,3,34,recent,reported,3459.35,delay2,50,16,AFTERNOON_COMPRESSION_FAST,12,,1
,3908.34,10,1,0.6378141744308672613608773253,3,34,recent,reported,3908.34,delay3,50,16,AFTERNOON_COMPRESSION_FAST,12,,2
,3173.82,11,1,0.6851128508824582830236039856,3,34,recent,reported,3173.82,open_plus_1pct,50,16,AFTERNOON_COMPRESSION_FAST,12,,1
1,2994.85,10,1,0.6817774179220884097424552500,4,34,recent,reported,2994.85,delete_best,50,16,AFTERNOON_COMPRESSION_FAST,10,,
,,1,,0.0898112670249639258838955370,,4,recent,strict,9186.70,strict,6,2,AFTERNOON_COMPRESSION_FAST,1,"['2026-07-02', 'UNKNOWN_SELECTION_DATA']",
,5438.11,4,,0.4459129943103509205922889352,2,38,earlier,reported,5438.11,primary,46,8,AFTERNOON_COMPRESSION_SWING,6,,2
,4024.06,3,1,0.5907213936420370867608888455,3,38,earlier,reported,4024.06,delay2,46,8,AFTERNOON_COMPRESSION_SWING,4,,1
,7816.44,3,2,0.2484774892389883041724001696,,38,earlier,reported,7816.44,delay3,46,8,AFTERNOON_COMPRESSION_SWING,6,,3
,6675.42,3,,0.3918596176020745019874752150,2,38,earlier,reported,6675.42,open_plus_1pct,46,8,AFTERNOON_COMPRESSION_SWING,6,,3
1,3793.40,3,,0.6057158418373180278932083842,3,38,earlier,reported,3793.40,delete_best,46,8,AFTERNOON_COMPRESSION_SWING,4,,1
,,,,0,,11,earlier,strict,9411.18,strict,12,1,AFTERNOON_COMPRESSION_SWING,,"['2026-04-17', 'UNKNOWN_SELECTION_DATA']",
,2390.02,8,1,0.7460445980206520330075505941,6,34,recent,reported,2390.02,primary,50,16,AFTERNOON_COMPRESSION_SWING,9,,1
,2486.20,8,1,0.7375515078874275064338372021,6,34,recent,reported,2486.20,delay2,50,16,AFTERNOON_COMPRESSION_SWING,9,,1
,2519.69,9,1,0.7322663045441698065492318710,5,34,recent,reported,2519.69,delay3,50,16,AFTERNOON_COMPRESSION_SWING,10,,1
,2458.31,8,1,0.7387883347252948089400053978,6,34,recent,reported,2458.31,open_plus_1pct,50,16,AFTERNOON_COMPRESSION_SWING,9,,1
1,2177.52,8,1,0.7686241257738136981759991839,6,34,recent,reported,2177.52,delete_best,50,16,AFTERNOON_COMPRESSION_SWING,8,,
,,1,,0.1703452701999111694814040322,,4,recent,strict,7821.03,strict,6,2,AFTERNOON_COMPRESSION_SWING,1,"['2026-07-02', 'UNKNOWN_SELECTION_DATA']",
,4228.83,3,,0.6083778467602127754152528560,3,38,earlier,reported,4228.83,primary,46,8,AFTERNOON_COMPRESSION_DOUBLE,5,,2
,4004.67,3,1,0.6270027550980490776289391475,3,38,earlier,reported,4004.67,delay2,46,8,AFTERNOON_COMPRESSION_DOUBLE,4,,1
,7181.99,3,2,0.5697075198233155933191208724,,38,earlier,reported,7181.99,delay3,46,8,AFTERNOON_COMPRESSION_DOUBLE,6,,3
,4612.72,3,,0.5726980756814040587346537607,3,38,earlier,reported,4612.72,open_plus_1pct,46,8,AFTERNOON_COMPRESSION_DOUBLE,5,,2
1,3357.24,3,,0.6432710882163554410817772054,3,38,earlier,reported,3357.24,delete_best,46,8,AFTERNOON_COMPRESSION_DOUBLE,4,,1
,,,,0,,11,earlier,strict,9411.18,strict,12,1,AFTERNOON_COMPRESSION_DOUBLE,,"['2026-04-17', 'UNKNOWN_SELECTION_DATA']",
,1819.83,7,1,0.8290777564556198053804092579,7,34,recent,reported,1819.83,primary,50,16,AFTERNOON_COMPRESSION_DOUBLE,8,,1
,1186.97,8,1,0.8738766020839044625647368343,6,34,recent,reported,1186.97,delay2,50,16,AFTERNOON_COMPRESSION_DOUBLE,9,,1
,1229.33,8,1,0.8693755724574389183928051530,6,34,recent,reported,1229.33,delay3,50,16,AFTERNOON_COMPRESSION_DOUBLE,9,,1
,1872.41,7,1,0.8234907843649786743001408963,7,34,recent,reported,1872.41,open_plus_1pct,50,16,AFTERNOON_COMPRESSION_DOUBLE,8,,1
1,1872.37,7,1,0.8234950346290263282606431925,7,34,recent,reported,1872.37,delete_best,50,16,AFTERNOON_COMPRESSION_DOUBLE,7,,
,,1,,0.1703505830299707369320319025,,4,recent,strict,7928.23,strict,6,2,AFTERNOON_COMPRESSION_DOUBLE,1,"['2026-07-02', 'UNKNOWN_SELECTION_DATA']",
,3949.65,6,6,0.5803236151045883725526448331,5,29,earlier,reported,3949.65,primary,46,17,CHAIN_UNWIND_FAST,6,,
,3547.60,7,5,0.6230440816135702430513495651,5,29,earlier,reported,3547.60,delay2,46,17,CHAIN_UNWIND_FAST,7,,
,4077.60,7,5,0.5805414411370306380283875136,5,29,earlier,reported,4077.60,delay3,46,17,CHAIN_UNWIND_FAST,7,,
,2902.25,7,2,0.6916167791924073283052709650,8,29,earlier,reported,2902.25,open_plus_1pct,46,17,CHAIN_UNWIND_FAST,7,,
,3949.65,6,6,0.5803236151045883725526448331,5,29,earlier,reported,3949.65,delete_best,46,17,CHAIN_UNWIND_FAST,6,,
,,,,0,,3,earlier,strict,9411.18,strict,4,1,CHAIN_UNWIND_FAST,,"['2026-04-01', 'UNKNOWN_SELECTION_DATA']",
,6090.34,6,8,0.5885111210304917747979499564,,33,recent,reported,6090.34,primary,50,17,CHAIN_UNWIND_FAST,9,,3
,5957.82,5,8,0.5548028888775346476166401784,1,33,recent,reported,5957.82,delay2,50,17,CHAIN_UNWIND_FAST,8,,3
,3093.24,6,5,0.6730495007002310018509899928,6,33,recent,reported,3093.24,delay3,50,17,CHAIN_UNWIND_FAST,6,,
,5818.72,7,4,0.5455748352748199838750034752,1,33,recent,reported,5818.72,open_plus_1pct,50,17,CHAIN_UNWIND_FAST,12,,5
1,6329.46,5,8,0.4662167762172224949474986134,1,33,recent,reported,6329.46,delete_best,50,17,CHAIN_UNWIND_FAST,7,,2
,,,1,0.0287275346980931190350200506,,1,recent,strict,11627.07,strict,4,3,CHAIN_UNWIND_FAST,1,"['2026-06-29', 'UNKNOWN_SELECTION_DATA']",1
,3787.57,5,6,0.5975456850256822205079490563,5,29,earlier,reported,3787.57,primary,46,17,CHAIN_UNWIND_SWING,6,,1
,3096.31,4,2,0.7041486827369150308462913258,11,29,earlier,reported,3096.31,delay2,46,17,CHAIN_UNWIND_SWING,4,,
,2865.13,5,2,0.7170461089895209739905091604,10,29,earlier,reported,2865.13,delay3,46,17,CHAIN_UNWIND_SWING,5,,
,2936.41,5,1,0.7073257551125363663217577392,11,29,earlier,reported,2936.41,open_plus_1pct,46,17,CHAIN_UNWIND_SWING,5,,
1,2935.18,5,5,0.6881177493151762053217556141,6,29,earlier,reported,2935.18,delete_best,46,17,CHAIN_UNWIND_SWING,5,,
,,,,0,,3,earlier,strict,9411.18,strict,4,1,CHAIN_UNWIND_SWING,,"['2026-04-01', 'UNKNOWN_SELECTION_DATA']",
,5036.09,6,8,0.6627977424189279678581677880,,33,recent,reported,5036.09,primary,50,17,CHAIN_UNWIND_SWING,9,,3
,5891.95,5,8,0.5805860524107187115940468315,1,33,recent,reported,5891.95,delay2,50,17,CHAIN_UNWIND_SWING,8,,3
,2667.15,5,5,0.7331737359183439271164721108,6,33,recent,reported,2667.15,delay3,50,17,CHAIN_UNWIND_SWING,6,,1
,4564.18,8,4,0.6905830996816000108622597574,1,33,recent,reported,4564.18,open_plus_1pct,50,17,CHAIN_UNWIND_SWING,12,,4
1,4672.81,6,7,0.6145094984239720256080489133,1,33,recent,reported,4672.81,delete_best,50,17,CHAIN_UNWIND_SWING,8,,2
,,,1,0.0288486672234512569093354925,,1,recent,strict,11950.93,strict,4,3,CHAIN_UNWIND_SWING,1,"['2026-06-29', 'UNKNOWN_SELECTION_DATA']",1
,2708.99,4,4,0.7287747126290220779965955385,8,29,earlier,reported,2708.99,primary,46,17,CHAIN_UNWIND_DOUBLE,5,,1
,3600.52,4,5,0.6421947088462870755845706915,6,29,earlier,reported,3600.52,delay2,46,17,CHAIN_UNWIND_DOUBLE,6,,2
,4325.41,4,5,0.6285470262121285804600496037,6,29,earlier,reported,4325.41,delay3,46,17,CHAIN_UNWIND_DOUBLE,6,,2
,3147.38,4,2,0.7470689116561366374886039795,9,29,earlier,reported,3147.38,open_plus_1pct,46,17,CHAIN_UNWIND_DOUBLE,6,,2
1,3135.87,3,4,0.7482919251358490646231397126,9,29,earlier,reported,3135.87,delete_best,46,17,CHAIN_UNWIND_DOUBLE,3,,
,,,,0,,3,earlier,strict,9411.18,strict,4,1,CHAIN_UNWIND_DOUBLE,,"['2026-04-01', 'UNKNOWN_SELECTION_DATA']",
,10603.30,5,8,0.7345033844714911790546174782,,33,recent,reported,10603.30,primary,50,17,CHAIN_UNWIND_DOUBLE,9,,4
,5208.74,6,7,0.6382747665975103734439834025,1,33,recent,reported,5208.74,delay2,50,17,CHAIN_UNWIND_DOUBLE,9,,3
,3942.39,6,7,0.6234691080183356391015791856,2,33,recent,reported,3942.39,delay3,50,17,CHAIN_UNWIND_DOUBLE,8,,2
,3125.19,8,4,0.8656139178535998875095623322,2,33,recent,reported,3125.19,open_plus_1pct,50,17,CHAIN_UNWIND_DOUBLE,11,,3
1,4961.24,5,7,0.7895644291056848953702921004,1,33,recent,reported,4961.24,delete_best,50,17,CHAIN_UNWIND_DOUBLE,8,,3
,,,1,0.0291408728767274666938683566,,1,recent,strict,13722.68,strict,4,3,CHAIN_UNWIND_DOUBLE,1,"['2026-06-29', 'UNKNOWN_SELECTION_DATA']",1
,9411.18,,2,0,,44,earlier,reported,9411.18,primary,46,2,SKEW_UNWIND_FAST,,,
,8001.50,1,1,0.1577304865064742147105888953,,44,earlier,reported,8001.50,delay2,46,2,SKEW_UNWIND_FAST,1,,
,5811.62,2,,0.3824770113843322516411332054,,44,earlier,reported,5811.62,delay3,46,2,SKEW_UNWIND_FAST,2,,
,6847.21,2,,0.2938494428966399537571271615,,44,earlier,reported,6847.21,open_plus_1pct,46,2,SKEW_UNWIND_FAST,2,,
,9411.18,,2,0,,44,earlier,reported,9411.18,delete_best,46,2,SKEW_UNWIND_FAST,,,
,9411.18,,2,0,,44,earlier,strict,9411.18,strict,46,2,SKEW_UNWIND_FAST,,,
,9669.55,,3,0.0374692652781054022981177706,,46,recent,reported,9669.55,primary,50,4,SKEW_UNWIND_FAST,1,,1
,9411.18,,4,0,,46,recent,reported,9411.18,delay2,50,4,SKEW_UNWIND_FAST,,,
,7965.69,1,3,0.1535928544560830841616035396,,46,recent,reported,7965.69,delay3,50,4,SKEW_UNWIND_FAST,1,,
,10206.02,,3,0.0070565008851174879239372746,,46,recent,reported,10206.02,open_plus_1pct,50,4,SKEW_UNWIND_FAST,1,,1
1,9411.18,,3,0,,46,recent,reported,9411.18,delete_best,50,4,SKEW_UNWIND_FAST,,,
,,,,0,,8,recent,strict,9411.18,strict,9,1,SKEW_UNWIND_FAST,,"['2026-07-08', 'UNKNOWN_SELECTION_DATA']",
,9411.18,,2,0,,44,earlier,reported,9411.18,primary,46,2,SKEW_UNWIND_SWING,,,
,7781.59,1,1,0.1907667263828765362048117239,,44,earlier,reported,7781.59,delay2,46,2,SKEW_UNWIND_SWING,1,,
,6058.51,2,,0.3987193954424418617006581534,,44,earlier,reported,6058.51,delay3,46,2,SKEW_UNWIND_SWING,2,,
,6805.97,2,,0.2985767990836430713258061157,,44,earlier,reported,6805.97,open_plus_1pct,46,2,SKEW_UNWIND_SWING,2,,
,9411.18,,2,0,,44,earlier,reported,9411.18,delete_best,46,2,SKEW_UNWIND_SWING,,,
,9411.18,,2,0,,44,earlier,strict,9411.18,strict,46,2,SKEW_UNWIND_SWING,,,
,8394.84,1,3,0.1097195038241750768766509619,,46,recent,reported,8394.84,primary,50,4,SKEW_UNWIND_SWING,1,,
,9411.18,,4,0,,46,recent,reported,9411.18,delay2,50,4,SKEW_UNWIND_SWING,,,
,7125.29,1,3,0.2746616258535061490695109434,,46,recent,reported,7125.29,delay3,50,4,SKEW_UNWIND_SWING,1,,
,8931.31,1,3,0.0527160249830520721099798325,,46,recent,reported,8931.31,open_plus_1pct,50,4,SKEW_UNWIND_SWING,1,,
,8394.84,1,3,0.1097195038241750768766509619,,46,recent,reported,8394.84,delete_best,50,4,SKEW_UNWIND_SWING,1,,
,,,,0,,8,recent,strict,9411.18,strict,9,1,SKEW_UNWIND_SWING,,"['2026-07-08', 'UNKNOWN_SELECTION_DATA']",
,9411.18,,2,0,,44,earlier,reported,9411.18,primary,46,2,SKEW_UNWIND_DOUBLE,,,
,11459.55,,1,0.1915679011558593077594945586,,44,earlier,reported,11459.55,delay2,46,2,SKEW_UNWIND_DOUBLE,1,,1
,9337.89,1,,0.2594807413412719308535643312,,44,earlier,reported,9337.89,delay3,46,2,SKEW_UNWIND_DOUBLE,2,,1
,9776.82,1,,0.2334682872542537002551664142,,44,earlier,reported,9776.82,open_plus_1pct,46,2,SKEW_UNWIND_DOUBLE,2,,1
,9411.18,,2,0,,44,earlier,reported,9411.18,delete_best,46,2,SKEW_UNWIND_DOUBLE,,,
,9411.18,,2,0,,44,earlier,strict,9411.18,strict,46,2,SKEW_UNWIND_DOUBLE,,,
,11908.11,,3,0.2050295499607913141603922144,,46,recent,reported,11908.11,primary,50,4,SKEW_UNWIND_DOUBLE,1,,1
,9411.18,,4,0,,46,recent,reported,9411.18,delay2,50,4,SKEW_UNWIND_DOUBLE,,,
,8331.79,1,3,0.3132593362362636778809883564,,46,recent,reported,8331.79,delay3,50,4,SKEW_UNWIND_DOUBLE,1,,
,12444.58,,3,0.1480260711196683093937210849,,46,recent,reported,12444.58,open_plus_1pct,50,4,SKEW_UNWIND_DOUBLE,1,,1
1,9411.18,,3,0,,46,recent,reported,9411.18,delete_best,50,4,SKEW_UNWIND_DOUBLE,,,
,,,,0,,8,recent,strict,9411.18,strict,9,1,SKEW_UNWIND_DOUBLE,,"['2026-07-08', 'UNKNOWN_SELECTION_DATA']",
