engine,horizon_minutes,observations,independent_dates,mean_signed_underlying_return,ci95_low,ci95_high,raw_p,primary_holm_p,gap_count
EVENT_CONTINUATION,5,79,28,-0.00027905816403226964,-0.001799286878693306,0.0014644317228683437,0.6313,,0
EVENT_CONTINUATION,15,79,28,0.001101357085676323,-0.0011518273817945283,0.003606615423462746,0.1916,1,0
EVENT_CONTINUATION,30,79,28,0.0006694364381716919,-0.0024230603727113335,0.003984276111866102,0.335,,0
INTRADAY_EVENT,5,18,13,-0.0009054659366800126,-0.0039614445072041395,0.002021717583630023,0.7064,,0
INTRADAY_EVENT,15,16,12,-0.00112461533684862,-0.0070063997157058105,0.004885294184451853,0.6529,1,0
INTRADAY_EVENT,30,14,10,-0.0012618204326604598,-0.0110352317347427,0.008771168860093336,0.5841,,0
NONEXPIRY_FORCED_FLOW,5,34,19,-0.0004729746373146844,-0.0022521842784473623,0.0014020301450512753,0.6803,,0
NONEXPIRY_FORCED_FLOW,15,33,19,-0.0004100136962559402,-0.004205120430222037,0.003297841127740467,0.5688,1,0
NONEXPIRY_FORCED_FLOW,30,30,18,0.0012557810373743403,-0.004081992782519843,0.006960119271633048,0.3409,,0
EXPIRY_FORCED_FLOW,5,0,0,,,,,,0
EXPIRY_FORCED_FLOW,15,0,0,,,,,,0
EXPIRY_FORCED_FLOW,30,0,0,,,,,,0
PASSIVE_FLOW,5,0,0,,,,,,0
PASSIVE_FLOW,15,0,0,,,,,,0
PASSIVE_FLOW,30,0,0,,,,,,0
SCHEDULED_EVENT_VOL,5,0,0,,,,,,0
SCHEDULED_EVENT_VOL,15,0,0,,,,,,0
SCHEDULED_EVENT_VOL,30,0,0,,,,,,0
BLOCK_OFS_DISLOCATION,5,0,0,,,,,,0
BLOCK_OFS_DISLOCATION,15,0,0,,,,,,0
BLOCK_OFS_DISLOCATION,30,0,0,,,,,,0
SECTOR_SHOCK_LAG,5,142,32,0.00014536707614266943,-0.0003053334560994189,0.0006236005833990942,0.2852,,0
SECTOR_SHOCK_LAG,15,142,32,0.00013638791751006732,-0.00044416300801036757,0.0007177985712046014,0.3317,1,0
SECTOR_SHOCK_LAG,30,142,32,-0.00015346160933141345,-0.001054473048670564,0.0007144835466887793,0.6361,,0
CROSS_MARKET_LEAD_LAG,5,0,0,,,,,,0
CROSS_MARKET_LEAD_LAG,15,0,0,,,,,,0
CROSS_MARKET_LEAD_LAG,30,0,0,,,,,,0
