engine,delay_bars,entry_model,control,control_seed,best_trade_deleted,status,trades,targets,conditional_cash,coverage_gaps,unresolved_path,full_family_bankroll
EVENT_CONTINUATION,1,next_full_bar_high,,0,False,UNKNOWN_COVERAGE,3,0,2574.15,44,True,
EVENT_CONTINUATION,1,next_full_bar_high,,0,True,UNKNOWN_COVERAGE,12,3,13865.97,136,False,
EVENT_CONTINUATION,1,next_full_bar_high,RANDOM_SIDE_MATCHED_TIME,0,False,UNKNOWN_COVERAGE,5,1,4099.26,158,True,
EVENT_CONTINUATION,1,next_full_bar_high,RANDOM_SIDE_MATCHED_TIME,1,False,UNKNOWN_COVERAGE,6,1,3812.35,138,False,
EVENT_CONTINUATION,1,next_full_bar_high,RANDOM_SIDE_MATCHED_TIME,2,False,UNKNOWN_COVERAGE,8,3,16559.10,146,False,
EVENT_CONTINUATION,1,next_full_bar_high,RANDOM_SIDE_MATCHED_TIME,3,False,UNKNOWN_COVERAGE,3,0,2574.15,42,True,
EVENT_CONTINUATION,1,next_full_bar_high,RANDOM_SIDE_MATCHED_TIME,4,False,UNKNOWN_COVERAGE,5,1,4857.73,169,False,
EVENT_CONTINUATION,1,next_full_bar_open_plus_1pct,,0,False,UNKNOWN_COVERAGE,3,0,2607.94,44,True,
EVENT_CONTINUATION,2,next_full_bar_high,,0,False,UNKNOWN_COVERAGE,3,0,3251.93,44,True,
EVENT_CONTINUATION,3,next_full_bar_high,,0,False,UNKNOWN_COVERAGE,2,0,4108.31,40,True,
INTRADAY_EVENT,1,next_full_bar_high,,0,False,UNKNOWN_COVERAGE,2,0,3368.37,22,False,
INTRADAY_EVENT,1,next_full_bar_high,,0,True,UNKNOWN_COVERAGE,2,0,4856.54,22,False,
INTRADAY_EVENT,1,next_full_bar_high,RANDOM_SIDE_MATCHED_TIME,0,False,UNKNOWN_COVERAGE,1,0,5527.44,25,False,
INTRADAY_EVENT,1,next_full_bar_high,RANDOM_SIDE_MATCHED_TIME,1,False,UNKNOWN_COVERAGE,1,0,5527.44,26,False,
INTRADAY_EVENT,1,next_full_bar_high,RANDOM_SIDE_MATCHED_TIME,2,False,UNKNOWN_COVERAGE,2,0,5369.82,26,False,
INTRADAY_EVENT,1,next_full_bar_high,RANDOM_SIDE_MATCHED_TIME,3,False,UNKNOWN_COVERAGE,1,0,5527.44,21,False,
INTRADAY_EVENT,1,next_full_bar_high,RANDOM_SIDE_MATCHED_TIME,4,False,UNKNOWN_COVERAGE,2,0,3368.37,26,False,
INTRADAY_EVENT,1,next_full_bar_open_plus_1pct,,0,False,UNKNOWN_COVERAGE,3,0,2643.94,22,False,
INTRADAY_EVENT,2,next_full_bar_high,,0,False,UNKNOWN_COVERAGE,3,0,4080.63,22,False,
INTRADAY_EVENT,3,next_full_bar_high,,0,False,UNKNOWN_COVERAGE,4,0,3570.74,22,False,
NONEXPIRY_FORCED_FLOW,1,next_full_bar_high,,0,False,UNKNOWN_COVERAGE,2,0,9394.55,6,False,
NONEXPIRY_FORCED_FLOW,1,next_full_bar_high,,0,True,UNKNOWN_COVERAGE,1,0,9093.96,7,False,
NONEXPIRY_FORCED_FLOW,1,next_full_bar_high,RANDOM_SIDE_MATCHED_TIME,0,False,UNKNOWN_COVERAGE,1,0,9093.96,17,False,
NONEXPIRY_FORCED_FLOW,1,next_full_bar_high,RANDOM_SIDE_MATCHED_TIME,1,False,UNKNOWN_COVERAGE,1,0,9711.77,21,False,
NONEXPIRY_FORCED_FLOW,1,next_full_bar_high,RANDOM_SIDE_MATCHED_TIME,2,False,UNKNOWN_COVERAGE,1,0,9711.77,23,False,
NONEXPIRY_FORCED_FLOW,1,next_full_bar_high,RANDOM_SIDE_MATCHED_TIME,3,False,UNKNOWN_COVERAGE,1,0,9711.77,16,False,
NONEXPIRY_FORCED_FLOW,1,next_full_bar_high,RANDOM_SIDE_MATCHED_TIME,4,False,UNKNOWN_COVERAGE,1,0,9711.77,17,False,
NONEXPIRY_FORCED_FLOW,1,next_full_bar_open_plus_1pct,,0,False,UNKNOWN_COVERAGE,2,0,9479.09,6,False,
NONEXPIRY_FORCED_FLOW,2,next_full_bar_high,,0,False,UNKNOWN_COVERAGE,2,0,9700.18,6,False,
NONEXPIRY_FORCED_FLOW,3,next_full_bar_high,,0,False,UNKNOWN_COVERAGE,3,0,8695.40,6,False,
EXPIRY_FORCED_FLOW,1,next_full_bar_high,,0,False,CONDITIONAL_BAR_MODEL_REPLAY,0,0,9411.18,0,False,
PASSIVE_FLOW,1,next_full_bar_high,,0,False,CONDITIONAL_BAR_MODEL_REPLAY,0,0,9411.18,0,False,
SCHEDULED_EVENT_VOL,1,next_full_bar_high,,0,False,CONDITIONAL_BAR_MODEL_REPLAY,0,0,9411.18,0,False,
BLOCK_OFS_DISLOCATION,1,next_full_bar_high,,0,False,CONDITIONAL_BAR_MODEL_REPLAY,0,0,9411.18,0,False,
SECTOR_SHOCK_LAG,1,next_full_bar_high,,0,False,UNKNOWN_COVERAGE,16,0,5612.37,99,False,
SECTOR_SHOCK_LAG,1,next_full_bar_high,,0,True,UNKNOWN_COVERAGE,14,0,4542.92,99,False,
SECTOR_SHOCK_LAG,1,next_full_bar_high,RANDOM_SIDE_MATCHED_TIME,0,False,UNKNOWN_COVERAGE,11,0,5600.15,82,False,
SECTOR_SHOCK_LAG,1,next_full_bar_high,RANDOM_SIDE_MATCHED_TIME,1,False,UNKNOWN_COVERAGE,11,0,4425.73,102,False,
SECTOR_SHOCK_LAG,1,next_full_bar_high,RANDOM_SIDE_MATCHED_TIME,2,False,UNKNOWN_COVERAGE,9,0,5708.82,78,False,
SECTOR_SHOCK_LAG,1,next_full_bar_high,RANDOM_SIDE_MATCHED_TIME,3,False,UNKNOWN_COVERAGE,7,0,9103.68,95,False,
SECTOR_SHOCK_LAG,1,next_full_bar_high,RANDOM_SIDE_MATCHED_TIME,4,False,UNKNOWN_COVERAGE,9,0,5959.32,92,False,
SECTOR_SHOCK_LAG,1,next_full_bar_open_plus_1pct,,0,False,UNKNOWN_COVERAGE,18,0,6352.80,99,False,
SECTOR_SHOCK_LAG,2,next_full_bar_high,,0,False,UNKNOWN_COVERAGE,11,0,7060.30,99,False,
SECTOR_SHOCK_LAG,3,next_full_bar_high,,0,False,UNKNOWN_COVERAGE,7,0,8747.16,100,False,
CROSS_MARKET_LEAD_LAG,1,next_full_bar_high,,0,False,CONDITIONAL_BAR_MODEL_REPLAY,0,0,9411.18,0,False,
